model,params_b,type,arch,IFEval,BBH,MATH Lvl 5,GPQA,MUSR,MMLU-PRO,ARC,HellaSwag,MMLU,TruthfulQA,Winogrande,GSM8K
01-ai/Yi-1.5-34B,34.389,🟢 pretrained,LlamaForCausalLM,28.411725333226947,42.74936268839652,15.332326283987916,15.436241610738255,11.217187500000003,40.732121749408975,65.78498293515358,86.10834495120494,77.9957192730956,53.84452997155903,84.0568271507498,73.23730098559514
01-ai/Yi-1.5-34B-Chat,34.389,"💬 chat models (RLHF, DPO, IFT, ...)",LlamaForCausalLM,60.66758423205982,44.262825981005655,27.7190332326284,15.324384787472036,13.058072916666664,39.11606087470449,70.4778156996587,85.96893049193388,77.08283992203879,62.15770288656476,81.61010260457773,71.64518574677786
01-ai/Yi-1.5-34B-Chat-16K,34.389,"💬 chat models (RLHF, DPO, IFT, ...)",LlamaForCausalLM,45.6449997118756,44.53615654671034,21.37462235649547,11.74496644295302,13.73671875,39.38386524822696,68.08873720136519,86.5166301533559,78.00358753548458,57.61262516867735,83.26756116811366,67.93025018953753
01-ai/Yi-1.5-6B,6.061,🟢 pretrained,LlamaForCausalLM,26.166017278598567,22.027904536694773,6.646525679758309,8.501118568232664,13.309114583333336,23.823507683215126,57.25255972696246,77.92272455686118,64.72689535017567,44.01764913300537,75.13812154696133,50.34116755117514
01-ai/Yi-1.5-6B-Chat,6.061,"💬 chat models (RLHF, DPO, IFT, ...)",LlamaForCausalLM,51.45270105542184,23.67872313235784,16.238670694864048,6.935123042505594,14.030468750000002,24.368351063829788,60.665529010238906,78.86875124477196,64.24095801586486,52.57270462628132,73.55958958168904,67.09628506444277
01-ai/Yi-1.5-9B,8.829,🟢 pretrained,LlamaForCausalLM,29.35843561749492,30.50071699492122,11.404833836858003,17.225950782997764,12.030989583333332,32.402482269503544,61.86006825938567,80.37243576976698,70.73451954519469,46.74286312358864,77.97947908445147,62.69901440485216
01-ai/Yi-1.5-9B-Chat,8.829,"💬 chat models (RLHF, DPO, IFT, ...)",LlamaForCausalLM,60.455258713546726,36.95293138417893,22.58308157099698,11.297539149888143,12.838281249999996,33.05814125295508,63.651877133105806,80.94005178251345,71.01349610420871,52.66590047794028,77.1902131018153,71.87263078089462
01-ai/Yi-1.5-9B-Chat-16K,8.829,"💬 chat models (RLHF, DPO, IFT, ...)",LlamaForCausalLM,42.14040966856828,31.49760894701832,17.82477341389728,7.829977628635347,10.03828125,33.261303191489354,64.3344709897611,80.91017725552678,70.95946328062593,51.01756398724204,74.9802683504341,59.66641394996209
01-ai/Yi-34B,34.389,🟢 pretrained,LlamaForCausalLM,30.45751938190668,35.542431259008794,5.13595166163142,15.548098434004473,9.648437500000004,37.90632387706855,64.59044368600682,85.69010157339176,76.35156727391681,56.23083932983032,83.03078137332281,50.644427596664144
01-ai/Yi-34B-200K,34.389,🟢 pretrained,LlamaForCausalLM,15.424850507763844,36.02211028900003,5.740181268882175,14.205816554809845,9.414843749999998,39.27304964539008,65.78498293515358,82.05536745668194,75.56180045111563,42.60214587740499,82.87292817679558,34.874905231235786
01-ai/Yi-34B-Chat,34.389,"💬 chat models (RLHF, DPO, IFT, ...)",LlamaForCausalLM,46.98887839820566,37.623987597243485,6.268882175226587,11.74496644295302,8.363802083333338,34.369459219858165,65.10238907849829,84.07687711611233,74.86694971720243,55.411590107853335,79.7947908445146,19.787717968157693
01-ai/Yi-6B,6.061,🟢 pretrained,LlamaForCausalLM,28.93378458046871,19.408504737915056,1.5861027190332326,2.572706935123044,7.044270833333335,22.12433510638298,55.54607508532423,76.41904003186616,63.84606128348609,41.8637665368342,73.79636937647987,12.661106899166036
01-ai/Yi-6B-200K,6.061,🟢 pretrained,LlamaForCausalLM,8.433068702154728,20.148020103768047,1.812688821752266,4.250559284116329,16.842447916666668,20.489804964539008,53.7542662116041,75.57259510057757,64.64867451074461,41.56353427419322,73.63851617995265,31.387414708112203
01-ai/Yi-9B,8.829,🟢 pretrained,LlamaForCausalLM,27.08779372066118,27.62695611207793,5.589123867069486,9.060402684563762,8.909114583333334,28.59781323877068,61.17747440273038,78.81896036646087,70.06330822380845,42.448173501507824,77.50591949486977,48.9764973464746
01-ai/Yi-9B-200K,8.829,🟢 pretrained,LlamaForCausalLM,23.270921155866432,26.49249509714754,6.646525679758309,8.7248322147651,12.109114583333332,29.1334219858156,58.02047781569966,78.57996415056762,70.34013960436471,40.629087761155006,76.47987371744279,47.61182714177407
CausalLM/14B,14.0,🔶 fine-tuned on domain-specific datasets,LlamaForCausalLM,27.882130524785342,24.780942674518663,7.552870090634441,7.046979865771815,11.468229166666667,24.682328605200944,56.655290102389074,79.07787293367855,65.86320847049085,47.747784091321385,74.90134175217048,58.605003790750565
CausalLM/34b-beta,34.389,🔶 fine-tuned on domain-specific datasets,LlamaForCausalLM,30.43247472262486,36.677226262739055,4.833836858006042,12.863534675615217,6.924739583333334,48.05518617021277,70.56313993174061,84.19637522405895,85.60240455524627,58.37785963295662,81.29439621152328,58.22592873388931
CohereForAI/aya-23-8B,8.028,"💬 chat models (RLHF, DPO, IFT, ...)",CohereForCausalLM,46.98887839820566,20.20376064673937,1.6616314199395772,4.586129753914992,8.424479166666664,14.2010195035461,53.49829351535836,78.03226448914559,56.33899126009816,42.93654330376981,72.77032359905287,43.51781652767248
CohereForAI/c4ai-command-r-plus,103.811,"💬 chat models (RLHF, DPO, IFT, ...)",CohereForCausalLM,76.64186580495308,39.91995423143177,8.006042296072508,7.38255033557047,20.42317708333333,33.242833924349874,70.98976109215018,88.55805616411074,75.72824616707308,56.30078705194536,85.39857932123125,70.73540561031083
CohereForAI/c4ai-command-r-v01,34.981,"💬 chat models (RLHF, DPO, IFT, ...)",CohereForCausalLM,67.48194789824333,34.556659257058264,3.474320241691843,7.606263982102905,16.12890625,26.326093380614655,65.52901023890784,87.00458076080461,68.19530224441294,52.31991183271746,81.53117600631413,56.633813495072026
Deci/DeciLM-7B,7.044,🟢 pretrained,DeciLMForCausalLM,28.129474239462404,21.252729791067395,2.8700906344410875,6.040268456375841,13.0484375,18.799867021276597,59.38566552901023,82.513443537144,59.76293892443911,40.32625331106103,79.95264404104184,47.38438210765732
Deci/DeciLM-7B-instruct,7.044,"💬 chat models (RLHF, DPO, IFT, ...)",DeciLMForCausalLM,48.802399854608,23.8871490441846,3.0211480362537766,5.257270693512303,5.985416666666667,17.86716903073286,61.00682593856656,82.37402907787293,60.24359775384097,49.75365084602664,79.71586424625099,46.01971190295679
EleutherAI/gpt-neo-1.3B,1.366,🟢 pretrained,GPTNeoForCausalLM,20.790502533278367,3.024569180930987,1.0574018126888218,0.7829977628635317,4.873697916666666,1.8173758865248215,31.22866894197952,48.46644094801832,24.821655499137048,39.62930604436832,56.9060773480663,0.4548900682335102
EleutherAI/gpt-neo-125m,0.15,🟢 pretrained,GPTNeoForCausalLM,19.054442213327302,3.436738951426704,0.6042296072507553,0.4474272930648763,2.6166666666666654,0.2844267139479898,22.95221843003413,30.26289583748257,25.970391377823336,45.5761630633801,51.77584846093133,0.3032600454890068
EleutherAI/gpt-neo-2.7B,2.718,🟢 pretrained,GPTNeoForCausalLM,25.896288514474925,4.178602667081014,1.0574018126888218,2.1252796420581683,3.5205729166666675,1.8081412529550824,33.36177474402731,56.24377614021111,26.45397884474629,39.77795990878021,60.063141278610885,1.288855193328279
EleutherAI/pythia-1.4b,1.515,🟢 pretrained,GPTNeoXForCausalLM,23.708094522533543,3.878989478987103,1.5105740181268883,1.5659955257270708,4.02265625,1.3648788416075646,31.48464163822526,52.85799641505676,25.80246329076741,38.84599873378337,58.011049723756905,1.516300227445034
EleutherAI/pythia-160m,0.213,🟢 pretrained,GPTNeoXForCausalLM,18.15516163778773,2.198832279508135,0.906344410876133,1.1185682326621946,10.675520833333332,1.3279403073286051,22.781569965870307,30.342561242780324,24.95059339350269,44.26308210078121,51.53906866614049,0.2274450341167551
EleutherAI/pythia-410m,0.506,🟢 pretrained,GPTNeoXForCausalLM,21.954525104500505,2.7154281203357478,0.9818731117824772,1.230425055928408,3.0598958333333326,1.4202866430260035,26.19453924914676,40.84843656642103,27.245507410753596,41.21958367286861,53.11760063141279,0.6823351023502654
HuggingFaceH4/zephyr-7b-alpha,7.242,"💬 chat models (RLHF, DPO, IFT, ...)",MistralForCausalLM,51.91480826429429,23.890291427068444,1.9637462235649543,6.375838926174497,7.503125000000001,19.94496158392435,61.00682593856656,84.03704441346346,61.3896585162216,57.90339154881959,78.61089187056038,14.025777103866568
HuggingFaceH4/zephyr-7b-beta,7.242,"💬 chat models (RLHF, DPO, IFT, ...)",MistralForCausalLM,49.50431521695767,21.487542182806735,2.8700906344410875,5.369127516778524,7.7343749999999964,19.78797281323877,62.03071672354948,84.53495319657439,61.061389920377685,57.44145546466379,78.05840568271508,11.372251705837757
HuggingFaceH4/zephyr-7b-gemma-v0.1,8.538,"💬 chat models (RLHF, DPO, IFT, ...)",GemmaForCausalLM,33.637415391162115,23.751162749201274,8.157099697885197,5.92841163310962,4.179427083333334,20.526743498817968,57.93515358361775,82.91177056363274,58.97589070300901,52.47360246669454,72.53354380426204,44.04852160727824
Intel/neural-chat-7b-v3,7.0,🔶 fine-tuned on domain-specific datasets,MistralForCausalLM,27.779735546128716,30.205692320538088,2.9456193353474323,5.592841163310966,23.01953125,18.873744089834517,67.15017064846417,83.29018123879706,62.26105246211977,58.76875540849609,78.05840568271508,1.2130401819560273
Intel/neural-chat-7b-v3-1,7.242,🔶 fine-tuned on domain-specific datasets,MistralForCausalLM,46.86897432146704,29.7397523676162,3.5498489425981874,5.369127516778524,22.236979166666657,18.642878250591018,64.24914675767917,82.49352718581956,60.791623329684086,56.39976168180672,77.34806629834254,18.11978771796816
Intel/neural-chat-7b-v3-2,7.0,🔶 fine-tuned on domain-specific datasets,MistralForCausalLM,49.88397452093778,30.237457969159426,4.758308157099698,5.369127516778524,20.05677083333333,18.522828014184395,67.4914675767918,83.91754630551684,63.55010505598717,59.68243139193981,79.95264404104184,55.117513267627
Intel/neural-chat-7b-v3-3,7.0,🔶 fine-tuned on domain-specific datasets,MistralForCausalLM,47.62585495374495,27.753850886523697,4.078549848942599,5.257270693512303,20.578125,18.05186170212766,66.89419795221842,85.26190001991635,63.07073351412039,63.01479198844473,79.63693764798737,61.10689916603488
LLM360/K2,65.286,🟢 pretrained,LlamaForCausalLM,22.52157608478836,28.220402834201128,2.719033232628399,3.5794183445190177,8.550000000000004,22.27208924349881,64.16382252559727,85.69010157339176,67.91233193010133,40.76309789663512,80.11049723756905,48.74905231235785
Nexusflow/NexusRaven-V2-13B,13.0,🔶 fine-tuned on domain-specific datasets,LlamaForCausalLM,17.90781792311068,15.336448395229596,2.9456193353474323,1.342281879194629,3.7109375,9.685283687943262,45.136518771331055,67.39693288189603,44.87880425591219,44.53595923052835,66.37726913970008,20.92494313874147
NousResearch/Hermes-2-Pro-Llama-3-8B,8.031,"💬 chat models (RLHF, DPO, IFT, ...)",LlamaForCausalLM,53.61839918084017,30.667993420825,8.38368580060423,5.7046979865771785,11.246614583333336,22.798463356973997,63.48122866894198,83.22047400916152,64.79850156958106,56.56013468112258,76.40094711917916,67.93025018953753
NousResearch/Hermes-2-Pro-Mistral-7B,7.242,"💬 chat models (RLHF, DPO, IFT, ...)",MistralForCausalLM,56.68337788179808,29.427578860536,6.042296072507553,3.1319910514541416,14.132552083333335,21.625664893617017,64.16382252559727,82.73252340171281,62.20609448217756,58.99114428497659,75.61168113654301,60.424564063684606
NousResearch/Hermes-2-Theta-Llama-3-8B,8.03,🔶 fine-tuned on domain-specific datasets,LlamaForCausalLM,65.17883659800441,32.046073848075835,9.667673716012084,7.158836689038028,8.36197916666667,26.316858747044915,63.13993174061433,82.56323441545509,66.51191133673278,55.74103812875774,76.55880031570639,70.73540561031083
NousResearch/Nous-Hermes-2-Mistral-7B-DPO,7.242,"💬 chat models (RLHF, DPO, IFT, ...)",MistralForCausalLM,57.62510139762497,27.792545658366084,4.758308157099697,5.7046979865771785,8.330729166666668,22.392139479905435,66.04095563139933,84.95319657438756,63.35665912550744,55.74956853451161,78.05840568271508,60.424564063684606
NousResearch/Nous-Hermes-2-Mixtral-8x7B-DPO,46.703,"💬 chat models (RLHF, DPO, IFT, ...)",MixtralForCausalLM,58.96898008395502,37.10778379133987,12.235649546827794,9.50782997762864,16.676041666666666,29.622857565011817,71.41638225255973,87.21370244971122,72.27737838264045,54.52997159350775,82.63614838200473,70.65959059893859
NousResearch/Nous-Hermes-2-Mixtral-8x7B-SFT,46.703,"💬 chat models (RLHF, DPO, IFT, ...)",MixtralForCausalLM,57.30783210769647,30.594312778864406,2.114803625377644,6.935123042505594,11.138541666666669,22.95545212765957,69.7098976109215,86.73571001792472,72.20739527153786,51.22209779733843,82.9518547750592,69.59818043972706
NousResearch/Nous-Hermes-2-SOLAR-10.7B,10.732,"💬 chat models (RLHF, DPO, IFT, ...)",LlamaForCausalLM,52.78660620486975,34.990894584465195,5.740181268882175,5.8165548098434,13.826822916666664,27.314199172576835,66.72354948805462,84.89344752041426,66.29541259257003,55.82372806316004,82.79400157853196,69.44655041698256
NousResearch/Nous-Hermes-llama-2-7b,6.738,🔶 fine-tuned on domain-specific datasets,LlamaForCausalLM,17.290788441335657,13.78941955171473,0.906344410876133,1.789709172259505,11.681510416666669,10.442523640661936,55.11945392491467,78.9384584744075,48.33523465369221,49.00744183013028,74.03314917127072,5.761940864291129
NousResearch/Yarn-Mistral-7b-128k,7.0,🟩 continuously pretrained,MistralForCausalLM,19.33669330709185,20.633112436478672,3.1722054380664653,6.487695749440718,8.948177083333333,21.034648345153663,59.64163822525597,82.50348536148178,63.02324877855956,41.78089706148495,76.95343330702447,32.60045489006823
NousResearch/Yarn-Mistral-7b-64k,7.0,🟩 continuously pretrained,MistralForCausalLM,20.79548930171944,20.23020020918289,3.700906344410876,5.369127516778524,9.881510416666666,21.26551418439716,59.89761092150171,82.513443537144,62.96478981633615,41.85573352353131,77.26913970007892,33.2827899924185
Open-Orca/Mistral-7B-OpenOrca,7.0,"💬 chat models (RLHF, DPO, IFT, ...)",MistralForCausalLM,49.77659277384008,25.840025395269805,3.5498489425981874,2.9082774049217,5.889322916666667,18.36583924349882,64.07849829351537,83.98725353515236,62.24441734951871,53.0457680483314,77.7426992896606,19.9393479909022
OpenAssistant/oasst-sft-1-pythia-12b,12.0,🔶 fine-tuned on domain-specific datasets,GPTNeoXForCausalLM,10.553885911603434,4.778508799161477,1.5105740181268883,1.0067114093959737,2.987239583333334,1.2540632387706852,46.41638225255973,69.99601672973512,26.193572189883703,39.18763131130368,62.194159431728494,0.6065200909780136
Qwen/Qwen1.5-0.5B,0.62,🟢 pretrained,Qwen2ForCausalLM,17.056077873375976,5.035475836799366,1.7371601208459215,0.5592841163310973,4.303125,3.4149674940898342,31.48464163822526,49.05397331208923,39.35334081217581,38.29926844374736,57.22178374112076,16.300227445034114
Qwen/Qwen1.5-0.5B-Chat,0.62,"💬 chat models (RLHF, DPO, IFT, ...)",Qwen2ForCausalLM,18.072713732895387,4.318032636938059,0.6797583081570997,2.572706935123044,6.063541666666667,2.362219267139479,30.546075085324237,44.07488548097989,33.81983654590648,42.95422712870499,54.61720599842147,7.657316148597422
Qwen/Qwen1.5-1.8B,1.837,🟢 pretrained,Qwen2ForCausalLM,21.54239639711521,9.759901587727937,3.1722054380664653,7.38255033557047,3.963802083333334,9.79609929078014,37.8839590443686,61.42202748456482,46.70838530175783,39.42781424608406,60.29992107340174,33.586050037907505
Qwen/Qwen1.5-1.8B-Chat,1.837,"💬 chat models (RLHF, DPO, IFT, ...)",Qwen2ForCausalLM,20.190982149585324,5.908662877770453,1.9637462235649543,6.375838926174497,12.179427083333335,8.928043735224584,38.73720136518772,60.01792471619199,45.86651800528403,40.6175277448171,59.66850828729282,19.02956785443518
Qwen/Qwen1.5-110B,111.21,🟢 pretrained,Qwen2ForCausalLM,34.21942667677318,44.28047655387545,24.69788519637462,13.646532438478744,13.70546875,48.45227541371159,69.96587030716724,87.48257319259112,80.19575908781562,49.66492716220296,84.13575374901342,81.04624715693708
Qwen/Qwen1.5-110B-Chat,111.21,"💬 chat models (RLHF, DPO, IFT, ...)",Qwen2ForCausalLM,59.38864435254016,44.98454525616634,23.413897280966765,12.192393736017896,16.287499999999994,42.49593676122932,72.01365187713311,84.67436765584544,78.03946337687869,65.86438050595372,77.34806629834254,30.09855951478393
Qwen/Qwen1.5-14B,14.167,🟢 pretrained,Qwen2ForCausalLM,29.05368865720732,30.063103282917453,20.241691842900305,5.92841163310962,10.464062500000002,29.37352245862884,56.56996587030717,81.0794662417845,69.36026470831474,52.06092394796343,73.48066298342542,67.62699014404852
Qwen/Qwen1.5-14B-Chat,14.167,"💬 chat models (RLHF, DPO, IFT, ...)",Qwen2ForCausalLM,47.68082022367319,32.75647930053065,15.256797583081571,2.684563758389265,13.930729166666667,29.08724881796691,58.78839590443686,82.33419637522405,68.51540963742676,60.38018424004776,73.32280978689818,30.856709628506447
Qwen/Qwen1.5-32B,32.512,🟢 pretrained,Qwen2ForCausalLM,32.97295620065869,38.980351633108974,30.28700906344411,10.626398210290828,12.040625000000004,38.88519503546098,63.56655290102389,85.00298745269866,74.29961283965316,57.39444338569582,81.45224940805052,61.10689916603488
Qwen/Qwen1.5-32B-Chat,32.512,"💬 chat models (RLHF, DPO, IFT, ...)",Qwen2ForCausalLM,55.32199009738605,44.55485402391639,19.561933534743204,7.494407158836691,10.197395833333337,38.41422872340425,66.04095563139933,85.49093806014739,74.99313230796709,66.94777411427349,77.1902131018153,7.050796057619409
Qwen/Qwen1.5-4B,3.95,🟢 pretrained,Qwen2ForCausalLM,24.447466056729475,16.249142581095292,5.287009063444108,3.5794183445190177,4.8226562500000005,16.22340425531915,48.4641638225256,71.57936666002789,56.523519639933376,47.27318979180884,66.21941594317285,52.23654283548142
Qwen/Qwen1.5-4B-Chat,3.95,"💬 chat models (RLHF, DPO, IFT, ...)",Qwen2ForCausalLM,31.566576683200577,16.29707852890831,2.794561933534743,2.2371364653243813,7.355989583333333,15.512337470449172,43.25938566552901,69.7271459868552,55.55462512266324,44.79029862950014,64.95659037095501,2.4260803639120545
Qwen/Qwen1.5-7B,7.721,🟢 pretrained,Qwen2ForCausalLM,26.842998798742894,23.075768754340448,9.290030211480364,6.487695749440718,9.158333333333331,21.293218085106385,54.18088737201365,78.5102569209321,61.9700216814056,51.08227702127015,71.27071823204419,53.5253980288097
Qwen/Qwen1.5-7B-Chat,7.721,"💬 chat models (RLHF, DPO, IFT, ...)",Qwen2ForCausalLM,43.71157417873464,22.379129599952787,6.268882175226587,7.046979865771815,4.63828125,21.681072695035464,55.88737201365189,78.56004779924318,61.64766854906246,53.543258223543056,67.71902131018153,13.570887035633056
Qwen/Qwen1.5-MoE-A2.7B,14.316,🟢 pretrained,Qwen2MoeForCausalLM,26.59820387682461,18.837858500547185,9.290030211480364,1.230425055928408,7.967968750000003,19.751034278959807,54.86348122866895,79.38657637920733,62.54071682523817,50.09324767769737,72.29676400947119,16.982562547384383
Qwen/Qwen1.5-MoE-A2.7B-Chat,14.316,"💬 chat models (RLHF, DPO, IFT, ...)",Qwen2MoeForCausalLM,37.95385133667558,20.041818895540956,6.3444108761329305,3.243847874720355,6.334375000000001,21.3670951536643,53.66894197952219,80.5417247560247,60.970670017639726,50.56172788604174,69.37647987371744,28.203184230477635
Qwen/Qwen2-0.5B,0.494,🟢 pretrained,Qwen2ForCausalLM,18.73218615495773,7.918512040903256,2.643504531722054,1.45413870246085,4.601041666666668,7.99534574468085,31.91126279863481,48.73531169089823,45.17037929235293,39.77225754846854,55.80110497237569,35.70887035633055
Qwen/Qwen2-1.5B,1.544,🟢 pretrained,Qwen2ForCausalLM,21.132705665412217,11.781833653483533,7.02416918429003,1.9015659955257265,3.5932291666666667,17.239213947990542,44.28327645051194,66.66998605855407,57.25919892204937,45.91892724530115,64.87766377269139,55.799848369977255
Qwen/Qwen2-72B,72.706,🟢 pretrained,Qwen2ForCausalLM,38.23610243044012,51.85613118695519,31.1178247734139,19.239373601789712,19.728906250000005,52.56168735224587,68.77133105802048,87.27345150368453,83.79060762911848,54.73731276983239,84.45146014206787,85.29188779378318
Qwen/Qwen2-7B,7.616,🟢 pretrained,Qwen2ForCausalLM,31.48667757106699,34.711136202753416,20.39274924471299,7.270693512304249,14.322916666666666,35.366799645390074,59.72696245733788,79.82473610834495,70.4515868286805,53.13719780882018,74.34885556432518,72.93404094010614
TencentARC/LLaMA-Pro-8B,8.357,🔶 fine-tuned on domain-specific datasets,LlamaForCausalLM,22.77135777514772,9.2939499758607,1.8882175226586104,1.342281879194629,8.593229166666669,9.011155437352246,53.7542662116041,77.91276638119896,47.49331993287192,38.859489598867015,74.19100236779795,17.81652767247915
TencentARC/LLaMA-Pro-8B-Instruct,8.357,"💬 chat models (RLHF, DPO, IFT, ...)",LlamaForCausalLM,44.86063644463357,19.485726056875954,2.492447129909366,3.243847874720355,11.1109375,10.507166075650115,52.986348122866886,76.97669786895041,52.577029472650906,49.42677553605432,72.21783741120757,44.200151630022745
TencentARC/Mistral_Pro_8B_v0.1,8.987,🔶 fine-tuned on domain-specific datasets,MistralForCausalLM,21.145227995053123,22.89418875876804,5.664652567975831,4.026845637583895,11.828645833333336,19.61251477541371,62.20136518771331,82.12507468631746,61.74163205184785,49.32206521282016,76.79558011049724,34.19257012888552
TinyLlama/TinyLlama-1.1B-Chat-v0.6,1.1,"💬 chat models (RLHF, DPO, IFT, ...)",LlamaForCausalLM,15.742119797692348,3.390370709512531,1.5861027190332326,1.1185682326621946,2.2773437500000004,1.6511524822695034,31.65529010238908,55.785700059749054,25.98326379797648,34.71656737766869,59.35280189423836,2.122820318423048
TinyLlama/TinyLlama-1.1B-intermediate-step-1431k-3T,1.1,🟢 pretrained,LlamaForCausalLM,22.76637100670665,3.547093389508079,1.2084592145015105,0.3355704697986553,2.187239583333333,1.337174940898345,33.87372013651877,60.30671181039634,26.04163877765532,37.32177557725045,59.51065509076558,1.4404852160727823
abacusai/Liberated-Qwen1.5-14B,14.0,🔶 fine-tuned on domain-specific datasets,Qwen2ForCausalLM,36.310212458499,28.020905999685464,16.012084592145015,4.4742729306487705,10.316927083333333,27.914450354609933,57.93515358361775,80.56164110734913,68.81279626525311,52.37319696570074,74.58563535911603,65.88324488248674
abacusai/Smaug-34B-v0.1,34.389,"💬 chat models (RLHF, DPO, IFT, ...)",LlamaForCausalLM,50.15625207782018,34.261660667279955,7.175226586102719,10.626398210290828,8.134375000000004,39.36539598108747,74.23208191126281,86.75562636924916,76.66476969478123,70.22329988948236,83.66219415943172,72.17589082638362
abacusai/Smaug-72B-v0.1,72.289,🔶 fine-tuned on domain-specific datasets,LlamaForCausalLM,51.67001334237601,43.12510043134919,19.108761329305132,9.843400447427292,14.415364583333334,40.26115543735224,76.02389078498294,89.26508663612826,77.15452603998116,76.66613083747419,85.0828729281768,78.69598180439728
abacusai/Smaug-Mixtral-v0.1,46.703,"💬 chat models (RLHF, DPO, IFT, ...)",MixtralForCausalLM,55.54428915278129,31.919260543426763,9.516616314199396,6.823266219239373,12.993229166666673,26.13216607565012,74.9146757679181,87.7912766381199,70.08196114178702,66.87855496828143,81.68902920284135,72.47915087187263
allenai/OLMo-1.7-7B-hf,0.0,❓ other,Unknown,15.68970332052288,2.7703163925041445,0.2265861027190332,0.6711409395973182,2.0695312500000003,1.374113475177304,49.40273037542662,78.6795459071898,53.5174830111393,35.893859352657294,72.45461720599842,26.990144048521607
allenai/OLMo-1B-hf,1.177,🟢 pretrained,OlmoForCausalLM,21.819660722438684,3.1965463124303173,1.7371601208459215,1.5659955257270708,9.555989583333334,1.9281914893617007,34.72696245733788,63.6427006572396,26.234231797093017,32.94531300018437,61.24704025256512,1.8953752843062923
allenai/OLMo-7B-hf,6.888,🟢 pretrained,OlmoForCausalLM,27.19273749207658,5.761987041080832,1.2084592145015105,3.0201342281879207,2.0833333333333326,1.9189568557919612,45.64846416382253,77.30531766580363,28.1322718394009,35.926482582056515,69.37647987371744,3.790750568612585
argilla/notus-7b-v1,7.242,"💬 chat models (RLHF, DPO, IFT, ...)",MistralForCausalLM,50.820711268323606,22.74711196116141,3.1722054380664653,5.257270693512303,6.58541666666667,22.26285460992908,64.59044368600682,84.78390758812986,63.03308230938871,54.36768358952805,79.40015785319653,15.16300227445034
argilla/notux-8x7b-v1,46.703,"💬 chat models (RLHF, DPO, IFT, ...)",MixtralForCausalLM,54.22290633297429,34.75806168290175,9.969788519637463,7.829977628635347,10.532552083333334,29.558215130023648,70.64846416382252,87.72156940848437,71.38894203721195,66.20853259521382,80.74191002367797,61.10689916603488
berkeley-nest/Starling-LM-7B-alpha,7.242,"💬 chat models (RLHF, DPO, IFT, ...)",MistralForCausalLM,54.80491761858535,21.95402808715926,8.38368580060423,6.263982102908276,9.501302083333334,24.128250591016545,63.651877133105806,84.87353116908982,64.70438661462165,46.32285287441339,80.42620363062352,62.3199393479909
bigcode/starcoder2-15b,15.958,🟢 pretrained,Starcoder2ForCausalLM,27.802231412651764,20.373540752678547,5.966767371601208,3.1319910514541416,2.9283854166666674,15.032136524822691,47.35494880546075,64.09081856203943,51.34583865906561,37.8734193251474,63.85161799526441,52.23654283548142
bigcode/starcoder2-7b,7.174,🟢 pretrained,Starcoder2ForCausalLM,22.09193827932109,11.395110106503443,3.096676737160121,0.2237136465324418,5.8166666666666655,7.1365248226950335,38.31058020477816,51.91196972714599,41.21331864479665,41.99349765667209,59.194948697711126,25.094768764215317
bigscience/bloom-1b1,1.065,🟢 pretrained,BloomForCausalLM,13.733781920858878,4.042705269260129,0.5287009063444109,1.230425055928408,3.416666666666666,1.198655437352245,28.327645051194537,42.780322644891456,26.70214825620786,41.797167037137655,55.011838989739545,0.2274450341167551
bigscience/bloom-1b7,1.722,🟢 pretrained,BloomForCausalLM,10.438968603305897,4.39745292760164,0.5287009063444109,1.1185682326621946,6.838281250000001,0.958554964539006,30.631399317406142,47.600079665405296,27.47846514752041,41.309062711992766,56.03788476716653,0.8339651250947688
bigscience/bloom-560m,0.559,🟢 pretrained,BloomForCausalLM,6.202431769926019,2.885363608028119,0.3776435045317221,1.5659955257270708,8.185416666666667,1.8266105200945613,24.744027303754265,37.1539533957379,24.21541212062042,42.44428174437843,51.93370165745856,0.3032600454890068
bigscience/bloom-7b1,7.069,🟢 pretrained,BloomForCausalLM,13.221696210499251,4.038808518979752,0.5287009063444109,1.9015659955257265,1.920572916666666,1.1617169030732852,41.12627986348123,61.99960167297351,26.246222375725694,38.89784219035787,65.4301499605367,1.3646702047005308
cognitivecomputations/dolphin-2.9-llama3-8b,8.03,"💬 chat models (RLHF, DPO, IFT, ...)",LlamaForCausalLM,38.503393218881456,27.858929260905125,5.740181268882175,4.921700223713646,13.791406250000003,19.67715721040189,58.95904436860068,80.4919338777136,61.03678038351008,55.86517089760177,74.5067087608524,64.6702047005307
cognitivecomputations/dolphin-2.9.1-yi-1.5-34b,34.389,🔶 fine-tuned on domain-specific datasets,LlamaForCausalLM,38.52588908540451,44.17408874277273,18.65558912386707,12.416107382550338,16.97395833333334,39.09759160756501,69.36860068259386,85.53077076279627,77.52303405803303,62.336628838276994,82.55722178374111,73.0098559514784
cognitivecomputations/dolphin-2.9.1-yi-1.5-9b,8.829,🔶 fine-tuned on domain-specific datasets,LlamaForCausalLM,44.653297694561545,35.7760897255686,15.181268882175228,11.74496644295302,13.516927083333336,32.96579491725768,65.69965870307168,80.9699263095001,70.80758506037556,53.76110743407166,77.50591949486977,64.74601971190296
databricks/dbrx-base,0.0,❓ other,Unknown,8.214723926380369,32.60853758169935,10.0,10.22222222222222,9.333333333333334,27.77777777777777,66.04095563139933,88.99621589324835,74.69631070654663,55.06968114125934,78.05840568271508,68.53677028051554
databricks/dbrx-instruct,131.597,"💬 chat models (RLHF, DPO, IFT, ...)",DbrxForCausalLM,54.15796752616392,35.96381960359357,6.873111782477341,12.192393736017896,12.19921875,29.807550236406616,67.83276450511946,88.84684325831508,73.71692500000478,67.01581542845837,82.08366219415943,67.32373009855952
databricks/dolly-v2-7b,7.0,🔶 fine-tuned on domain-specific datasets,GPTNeoXForCausalLM,20.098560707810837,5.449892512817211,1.4350453172205435,2.460850111856823,2.779427083333333,1.6603871158392434,44.53924914675768,69.63752240589524,25.183937022975865,34.88307215327646,60.063141278610885,1.1372251705837757
deepseek-ai/deepseek-llm-67b-chat,67.0,"💬 chat models (RLHF, DPO, IFT, ...)",LlamaForCausalLM,55.87153197959192,33.22524192534525,9.290030211480364,8.83668903803132,23.93307291666666,32.70722517730496,67.74744027303754,86.81537542322246,72.41916167903139,55.85391071400314,84.21468034727704,63.68460955269143
deepseek-ai/deepseek-llm-7b-chat,7.0,"💬 chat models (RLHF, DPO, IFT, ...)",LlamaForCausalLM,41.70822307034224,11.258949371501748,2.0392749244712998,2.1252796420581683,19.21302083333333,12.594193262411348,55.80204778156996,79.3766182035451,51.74656618684998,47.98435880034662,74.82241515390686,46.55041698256255
deepseek-ai/deepseek-moe-16b-base,16.376,🟢 pretrained,DeepseekForCausalLM,24.49744455821664,8.355555779389382,2.416918429003021,0.5592841163310973,3.355989583333334,5.612810283687943,53.24232081911264,79.77494523003385,46.306113561052754,36.079303352335614,73.71744277821625,17.28582259287339
facebook/opt-30b,30.0,🟢 pretrained,OPTForCausalLM,24.52991396162183,3.4984293851759607,1.0574018126888218,2.572706935123044,4.185416666666667,1.8173758865248215,43.25938566552901,74.06891057558256,26.658730035291097,35.16382628474761,70.63930544593529,2.1986353297952994
google/gemma-1.1-7b-it,8.538,"💬 chat models (RLHF, DPO, IFT, ...)",GemmaForCausalLM,50.391073462856326,15.93420938501317,4.909365558912387,5.8165548098434,11.510937500000002,17.5993646572104,60.068259385665534,76.14021111332404,60.91642429212937,50.74425172130677,69.6921862667719,42.98711144806672
google/gemma-2b,2.506,🟢 pretrained,GemmaForCausalLM,20.375825033134305,8.246263426638125,3.0211480362537766,0.6711409395973182,7.555989583333336,4.061391843971631,48.4641638225256,71.64907388966341,41.67924928069864,33.12517623783405,66.77190213101815,17.36163760424564
google/gemma-2b-it,2.506,"💬 chat models (RLHF, DPO, IFT, ...)",GemmaForCausalLM,26.9029508371122,5.214303022163619,2.0392749244712998,3.803131991051453,3.0322916666666675,3.9228723404255295,43.9419795221843,62.69667396932882,37.64818682829159,45.82377104847176,60.93133385951065,5.458680818802123
google/gemma-7b,8.538,🟢 pretrained,GemmaForCausalLM,26.59321710838353,21.11609932329174,7.401812688821751,4.921700223713646,10.979947916666667,21.644134160756497,61.09215017064847,82.20474009161521,64.5598699571695,44.78696073933644,79.00552486187846,50.87187263078089
google/gemma-7b-it,8.538,"💬 chat models (RLHF, DPO, IFT, ...)",GemmaForCausalLM,38.68324933398937,11.940832085290182,2.9456193353474323,4.586129753914992,12.528385416666667,7.7183067375886525,51.4505119453925,71.95777733519219,53.5170310018511,47.291150235086526,67.95580110497238,29.18877937831691
google/recurrentgemma-2b-it,2.683,"💬 chat models (RLHF, DPO, IFT, ...)",RecurrentGemmaForCausalLM,29.493299999556733,7.978763840391559,1.9637462235649543,0.4474272930648763,3.624479166666668,4.467715721040189,30.97269624573379,56.26369249153556,40.86948703219191,42.805846917871385,64.16732438831886,10.083396512509475
gpt2,0.137,🟢 pretrained,GPT2LMHeadModel,19.34168007553292,2.714297847387736,0.3021148036253776,1.342281879194629,12.985416666666667,1.6603871158392434,22.013651877133107,31.52758414658435,25.83371780486033,40.691164003766126,50.43409629044988,0.6823351023502654
gradientai/Llama-3-8B-Instruct-Gradient-1048k,8.03,"💬 chat models (RLHF, DPO, IFT, ...)",LlamaForCausalLM,44.55588948434598,21.01052898715872,5.362537764350453,3.691275167785232,13.518749999999995,21.56102245862884,54.436860068259385,76.76757618004382,61.917687321536896,49.26225080651649,72.29676400947119,44.35178165276725
ibm/merlinite-7b,7.242,"💬 chat models (RLHF, DPO, IFT, ...)",MistralForCausalLM,24.98703440205322,29.97724776968684,2.416918429003021,6.263982102908276,13.877864583333334,22.9831560283688,63.651877133105806,84.51503684524995,64.90605869704184,50.14708864565086,79.71586424625099,41.09173616376042
internlm/internlm2-7b,0.0,❓ other,Unknown,22.803680981595093,40.27619825708061,8.571428571428571,11.555555555555555,14.333333333333329,10.0,58.02047781569966,81.23879705238001,65.24284758806714,48.72683928592292,83.82004735595896,63.00227445034117
lmsys/vicuna-13b-v1.3,13.0,🔶 fine-tuned on domain-specific datasets,LlamaForCausalLM,33.43506340953115,7.48978931162921,1.4350453172205435,2.348993288590602,4.091145833333333,13.813164893617024,54.60750853242321,80.41226847241585,52.87767261667352,52.138218817076,74.82241515390686,10.765731614859742
lmsys/vicuna-7b-v1.5,7.0,🔶 fine-tuned on domain-specific datasets,LlamaForCausalLM,23.515716077784724,15.15250931284372,1.3595166163141994,1.1185682326621946,11.42265625,12.741947399527188,53.24232081911264,77.3949412467636,51.0374490166073,50.338081562220594,72.13891081294396,8.188021228203183
meta-llama/Llama-2-13b-hf,13.016,🟢 pretrained,LlamaForCausalLM,24.82468738502728,17.222559825058127,1.5105740181268883,4.138702460850116,3.385416666666666,15.309175531914892,59.38566552901023,82.12507468631746,55.77103633323489,37.37526447394458,76.63772691397,22.82031842304776
meta-llama/Llama-2-70b-chat-hf,68.977,"💬 chat models (RLHF, DPO, IFT, ...)",LlamaForCausalLM,49.57922756065019,4.613767082590614,2.9456193353474323,1.9015659955257265,3.483333333333336,15.918661347517732,64.59044368600682,85.87930691097391,63.90701952816292,52.80473232260097,80.50513022888714,26.686884003032603
meta-llama/Llama-2-70b-hf,68.977,🟢 pretrained,LlamaForCausalLM,24.06780675274937,35.900061863721675,3.2477341389728096,7.046979865771815,9.777604166666668,30.1954048463357,67.32081911262799,87.33320055765785,69.83208921288625,44.92349372188736,83.74112075769534,54.05610310841546
meta-llama/Llama-2-7b-chat-hf,6.738,🟢 pretrained,LlamaForCausalLM,39.86478100329349,4.459171645959485,1.9637462235649543,0.4474272930648763,3.27734375,7.644429669030731,52.90102389078498,78.55008962358096,48.318825530104384,45.570370195101134,71.74427782162589,7.354056103108415
meta-llama/Llama-2-7b-hf,6.738,🟢 pretrained,LlamaForCausalLM,25.18938638368418,10.35141665784897,1.7371601208459215,2.2371364653243813,3.7578125,9.56523345153664,53.07167235494881,78.58992232622984,46.866075004498,38.75703155565465,74.03314917127072,14.480667172100077
meta-llama/Meta-Llama-3-70B,70.554,🟢 pretrained,LlamaForCausalLM,16.031906452656727,48.709812647505885,18.580060422960727,19.686800894854585,16.011197916666664,41.21232269503546,68.77133105802048,87.98048197570205,79.23293386179718,45.562368201500895,85.31965272296765,76.87642153146324
meta-llama/Meta-Llama-3-70B-Instruct,70.554,"💬 chat models (RLHF, DPO, IFT, ...)",LlamaForCausalLM,80.99077115387172,50.18513318440344,24.47129909365559,4.921700223713646,10.92057291666667,46.74386820330969,71.41638225255973,85.69010157339176,80.05922317995427,61.8101503499271,82.87292817679558,85.44351781652767
meta-llama/Meta-Llama-3-8B,8.03,🟢 pretrained,LlamaForCausalLM,14.550614591506092,24.50076379676797,4.531722054380665,7.38255033557047,6.242447916666666,24.553043735224584,60.23890784982935,82.23461461860188,66.70480406193239,42.92576615061722,78.45303867403315,45.185746777862015
meta-llama/Meta-Llama-3-8B-Instruct,8.03,"💬 chat models (RLHF, DPO, IFT, ...)",LlamaForCausalLM,74.08398604591373,28.24494957634361,8.685800604229607,1.230425055928408,1.602864583333335,29.604388297872337,60.75085324232082,78.55008962358096,67.0721995784583,51.64972283615512,74.5067087608524,68.68840030326004
microsoft/Orca-2-13b,13.0,🔶 fine-tuned on domain-specific datasets,LlamaForCausalLM,31.27933882099496,27.308019499942574,3.1722054380664653,4.026845637583895,25.787760416666668,19.437056737588648,60.665529010238906,79.81477793268273,60.37069885710225,56.410817476843455,76.63772691397,17.968157695223656
microsoft/Orca-2-7b,7.0,🔶 fine-tuned on domain-specific datasets,LlamaForCausalLM,21.83462102776189,22.429468402818458,1.9637462235649543,1.45413870246085,24.093489583333326,14.653516548463358,54.09556313993175,76.19000199163514,56.371153419443566,52.44663206388774,73.48066298342542,14.70811220621683
microsoft/Phi-3-medium-128k-instruct,13.96,"💬 chat models (RLHF, DPO, IFT, ...)",Phi3ForCausalLM,60.400293443618494,48.46045127399018,19.18429003021148,11.521252796420578,11.351822916666665,41.24002659574468,66.46757679180887,84.85361481776539,76.67858514818946,54.51580337637627,74.4277821625888,81.04624715693708
microsoft/Phi-3-medium-4k-instruct,13.96,"💬 chat models (RLHF, DPO, IFT, ...)",Phi3ForCausalLM,64.22713954529537,49.38061007422016,19.561933534743204,11.521252796420578,13.052083333333334,40.84293735224587,67.32081911262799,85.75980880302728,77.83091143434687,57.710066381815,72.69139700078927,79.37831690674754
microsoft/Phi-3-mini-128k-instruct,3.821,"💬 chat models (RLHF, DPO, IFT, ...)",Phi3ForCausalLM,59.76331688807919,37.09976663224031,14.04833836858006,9.060402684563762,7.710937500000003,30.38009751773049,63.13993174061433,80.09360685122485,68.70399293043886,54.116385902471066,72.8492501973165,69.52236542835482
microsoft/Phi-3-mini-4k-instruct,3.821,"💬 chat models (RLHF, DPO, IFT, ...)",Phi3ForCausalLM,56.12884923115112,39.2693352377728,11.63141993957704,9.284116331096197,7.644270833333336,31.848404255319146,62.96928327645052,80.601473809998,69.08301379498349,59.87540792786356,72.37569060773481,74.52615617892343
microsoft/phi-1_5,1.418,🟢 pretrained,PhiForCausalLM,20.32839532440591,7.468938770070243,1.812688821752266,2.348993288590602,3.385416666666666,7.681368203309693,52.90102389078498,63.79207329217288,43.88646778419788,40.88993856119402,72.21783741120757,12.43366186504928
microsoft/phi-2,2.78,🟢 pretrained,PhiForCausalLM,27.3875539125077,28.038519293439304,2.9456193353474323,2.9082774049217,13.83697916666666,18.088800236406616,61.09215017064847,75.11451902011551,58.1123279817493,44.46839625467275,74.34885556432518,54.81425322213799
mistral-community/Mistral-7B-v0.2,7.242,🟢 pretrained,MistralForCausalLM,22.663976028050016,23.950865383029598,3.0211480362537766,5.592841163310966,8.363802083333333,21.699541962174944,60.665529010238906,83.01135232025493,63.689429588238426,41.79195868019222,78.37411207576953,34.950720242608035
mistral-community/Mixtral-8x22B-v0.1,0.0,❓ other,Unknown,31.665644171779142,12.647903050108935,15.428571428571429,10.666666666666668,1.666666666666666,28.888888888888893,70.4778156996587,88.72734515036845,77.81279692967885,51.08062819806165,84.5303867403315,74.14708112206216
mistralai/Mistral-7B-Instruct-v0.2,7.242,"💬 chat models (RLHF, DPO, IFT, ...)",MistralForCausalLM,54.96227786717022,22.910601936713604,3.0211480362537766,3.467561521252797,7.608854166666667,19.0769060283688,63.13993174061433,84.88348934475204,60.778011275770005,68.25629969752946,77.1902131018153,40.0303260045489
mistralai/Mistral-7B-v0.1,7.242,🟢 pretrained,MistralForCausalLM,23.855481234236272,22.0182553990746,2.9456193353474323,5.592841163310966,10.675520833333335,22.36443557919621,59.98293515358362,83.31009759012149,64.16448378492244,42.15317106968115,78.37411207576953,37.8316906747536
mistralai/Mistral-7B-v0.3,7.248,🟢 pretrained,MistralForCausalLM,22.663976028050016,24.03725427191849,3.0211480362537766,5.592841163310966,8.363802083333333,21.699541962174944,60.49488054607508,82.99143596893049,63.46289361741425,41.79464876493265,78.45303867403315,34.495830174374525
mistralai/Mixtral-8x22B-Instruct-v0.1,140.621,"💬 chat models (RLHF, DPO, IFT, ...)",MixtralForCausalLM,71.83584001560305,44.11434558724835,18.731117824773413,16.442953020134222,13.489322916666664,38.70050236406619,72.6962457337884,89.07588129854611,77.77368323474285,68.14472163688716,85.1617995264404,82.03184230477635
mistralai/Mixtral-8x22B-v0.1,140.621,🟢 pretrained,MixtralForCausalLM,25.82636293922349,45.58840384342722,18.35347432024169,16.778523489932887,7.462239583333335,40.4366134751773,70.64846416382252,88.73730332603067,77.79499653225467,50.95160399804991,85.00394632991318,73.69219105382867
mistralai/Mixtral-8x7B-Instruct-v0.1,46.703,"💬 chat models (RLHF, DPO, IFT, ...)",MixtralForCausalLM,55.991436056330535,29.74239838096733,9.138972809667674,7.046979865771815,11.073697916666667,29.90913120567376,70.22184300341297,87.63194582752439,71.16228271617086,64.5771015224494,81.3733228097869,60.72782410917361
mistralai/Mixtral-8x7B-v0.1,46.703,🟢 pretrained,MixtralForCausalLM,24.152692633324023,30.294194918961484,10.196374622356496,8.501118568232664,12.58359375,31.663711583924343,66.04095563139933,86.48675562636924,71.81543655466032,46.78305602358693,81.9258089976322,57.4677786201668
mlabonne/Daredevil-8B-abliterated,8.03,🔶 fine-tuned on domain-specific datasets,LlamaForCausalLM,44.2636648536993,19.865777111108127,9.441087613293051,5.369127516778524,9.17760416666667,30.010712174940902,68.60068259385666,84.3855805616411,68.98709897913041,57.87381461620317,77.90055248618785,73.1614859742229
mlabonne/OrpoLlama-3-8B,8.03,"💬 chat models (RLHF, DPO, IFT, ...)",LlamaForCausalLM,36.52752474545318,21.95410762879941,5.589123867069486,3.9149888143176734,4.008854166666668,18.947621158392437,59.129692832764505,82.41386178052181,65.76439370548329,52.39701912128801,78.29518547750592,45.94389689158454
mosaicml/mpt-7b,7.0,🟢 pretrained,MPTForCausalLM,21.51990053059216,6.550600790794161,1.5861027190332326,1.342281879194629,2.904947916666668,2.288342198581559,47.6962457337884,77.57418840868353,30.79532542538572,33.43672150348059,72.13891081294396,4.01819560272934
openai-community/gpt2,0.137,🟢 pretrained,GPT2LMHeadModel,17.925327021192658,2.674981367986987,0.2265861027190332,1.1185682326621946,15.348177083333336,1.7712027186761226,22.013651877133107,31.52758414658435,25.83371780486033,40.691164003766126,50.43409629044988,0.6823351023502654
openai-community/gpt2-large,0.812,🟢 pretrained,GPT2LMHeadModel,20.47822001179094,3.2537905449787403,1.2084592145015105,1.230425055928408,5.658072916666665,1.5772754137115832,25.7679180887372,45.618402708623776,26.067403063531568,38.71845203558661,55.406471981057614,0.8339651250947688
openchat/openchat-3.5-0106,7.242,🔶 fine-tuned on domain-specific datasets,MistralForCausalLM,59.66590867786363,24.03871121391158,7.628398791540786,7.718120805369126,11.746354166666668,25.458037825059098,66.04095563139933,82.93168691495718,65.03521927528267,51.89602568049448,81.76795580110497,68.15769522365429
openchat/openchat-3.5-1210,7.242,"💬 chat models (RLHF, DPO, IFT, ...)",MistralForCausalLM,60.3678240402133,23.236296582166464,7.854984894259818,6.823266219239373,14.279687500000003,23.805038416075647,64.93174061433447,84.92332204740092,64.62163338646481,52.14604840999885,80.74191002367797,65.95905989385898
openchat/openchat-3.6-8b-20240522,8.03,🔶 fine-tuned on domain-specific datasets,LlamaForCausalLM,53.43355629729119,33.23293691836929,9.969788519637463,9.060402684563762,8.181770833333333,24.765440307328607,62.45733788395904,80.8603863772157,66.55794977263308,48.42329290802349,78.76874506708761,71.79681576952237
openchat/openchat_3.5,7.0,"💬 chat models (RLHF, DPO, IFT, ...)",MistralForCausalLM,59.31118321608887,21.58216684769999,7.250755287009064,6.487695749440718,11.258072916666668,23.92508865248227,63.82252559726962,84.80382393945429,64.97554013321405,46.39284717308729,80.74191002367797,26.611068991660343
openchat/openchat_v3.2,13.0,🔶 fine-tuned on domain-specific datasets,LlamaForCausalLM,29.805582521044165,20.32300299720885,1.283987915407855,2.684563758389265,13.103125,15.79861111111111,59.47098976109216,82.60306711810397,56.82374600505175,44.50841867974621,76.08524072612471,13.419257012888552
openchat/openchat_v3.2_super,13.0,🔶 fine-tuned on domain-specific datasets,LlamaForCausalLM,28.61906408329898,19.153539587477532,2.114803625377644,1.9015659955257265,9.916927083333333,15.83554964539007,59.81228668941979,82.50348536148178,55.89931756667269,42.29870970896516,75.92738752959748,13.495072024260804
refuelai/Llama-3-Refueled,8.03,"💬 chat models (RLHF, DPO, IFT, ...)",LlamaForCausalLM,46.19952836252256,41.72197100339103,6.646525679758309,6.599552572706939,14.642447916666669,23.278664302600472,54.60750853242321,79.03804023102967,64.73176939664393,41.76573601256108,80.11049723756905,61.48597422289613
stabilityai/StableBeluga2,68.977,🔶 fine-tuned on domain-specific datasets,LlamaForCausalLM,37.87140343178322,41.26326112722379,4.380664652567976,8.83668903803132,18.65442708333333,25.845892434988176,71.07508532423208,86.36725751842262,68.79488672335343,59.44080174826092,82.9518547750592,35.860500379075056
stabilityai/stablelm-2-12b,12.143,🟢 pretrained,StableLmForCausalLM,15.69214129620518,22.685797482043984,4.305135951661631,3.803131991051453,14.485677083333334,23.02009456264776,58.44709897610921,84.32583150766779,62.03992737460232,42.15964374437199,77.90055248618785,56.02729340409402
stabilityai/stablelm-2-12b-chat,12.143,"💬 chat models (RLHF, DPO, IFT, ...)",StableLmForCausalLM,40.81647805600252,25.25369709081264,5.362537764350453,2.2371364653243813,7.728385416666669,19.27083333333333,64.84641638225256,85.95897231627167,61.05866061151978,62.01476275069401,78.53196527229677,57.84685367702805
teknium/CollectiveCognition-v1.1-Mistral-7B,7.0,🔶 fine-tuned on domain-specific datasets,MistralForCausalLM,27.9046263913084,23.47613361696592,3.096676737160121,4.921700223713646,5.732552083333332,20.40669326241135,62.116040955631405,84.1665006970723,62.34978587553916,57.62413893058237,75.37490134175216,35.860500379075056
teknium/OpenHermes-13B,13.0,🔶 fine-tuned on domain-specific datasets,LlamaForCausalLM,26.680651781716957,18.21332824040884,1.2084592145015105,3.0201342281879207,8.532552083333334,15.438460401891252,59.81228668941979,82.24457279426409,56.34727779629169,46.01128217615408,75.45382794001578,11.599696739954512
teknium/OpenHermes-2.5-Mistral-7B,7.242,"💬 chat models (RLHF, DPO, IFT, ...)",MistralForCausalLM,55.71417173100706,27.770026367807574,5.060422960725076,4.4742729306487705,12.058072916666667,22.826167257683213,64.93174061433447,84.29595698068114,63.8216682847302,52.305641181006855,77.90055248618785,25.47384382107657
teknium/OpenHermes-7B,7.0,🔶 fine-tuned on domain-specific datasets,LlamaForCausalLM,18.12513021006485,12.08139546207365,1.5861027190332326,2.572706935123044,12.681510416666669,10.368646572104018,56.14334470989761,78.32105158334993,48.617757574363246,44.995354312872166,74.5067087608524,5.003790750568612
tiiuae/falcon-11B,11.103,🟢 pretrained,FalconForCausalLM,32.613243970442866,21.937999462890275,2.794561933534743,2.796420581655479,7.530729166666667,15.438460401891252,59.72696245733788,82.91177056363274,58.3670122238434,52.557798313979255,78.29518547750592,53.82865807429871
tiiuae/falcon-40b,40.0,🟢 pretrained,FalconForCausalLM,24.96453853553017,16.583304730312175,1.812688821752266,3.1319910514541416,5.193229166666668,16.722074468085104,61.86006825938567,85.2818163712408,56.8938511726681,41.64662004404868,81.29439621152328,21.455648218347235
togethercomputer/GPT-JT-6B-v1,6.0,🔶 fine-tuned on domain-specific datasets,GPTJForCausalLM,20.61064641817045,7.318523965141613,1.0574018126888218,1.45413870246085,3.873697916666666,6.951832151300234,40.870307167235495,67.14797849034056,47.19018110516562,37.06994644681215,65.27229676400947,1.2130401819560273
togethercomputer/Llama-2-7B-32K-Instruct,7.0,🔶 fine-tuned on domain-specific datasets,LlamaForCausalLM,21.300039450879225,8.563469919446954,1.5861027190332326,0.2237136465324418,9.199218750000002,8.678708628841607,51.10921501706485,78.5102569209321,46.105045377255685,44.85615503174554,73.8752959747435,5.686125852918878
togethercomputer/RedPajama-INCITE-7B-Base,7.0,🟢 pretrained,GPTNeoXForCausalLM,20.822971936683555,5.087242272916432,1.5861027190332326,0.6711409395973182,3.0166666666666657,2.186761229314421,46.2457337883959,71.62915753833897,27.68214018695477,33.03475420460559,67.32438831886346,3.032600454890068
togethercomputer/RedPajama-INCITE-7B-Chat,7.0,🔶 fine-tuned on domain-specific datasets,GPTNeoXForCausalLM,15.57977278066641,4.502173664381199,0.6797583081570997,0.3355704697986553,1.86171875,1.3464095744680846,42.06484641638225,70.82254530969927,26.942822650634863,36.09497800541693,59.82636148382005,0.4548900682335102
togethercomputer/RedPajama-INCITE-7B-Instruct,7.0,🔶 fine-tuned on domain-specific datasets,GPTNeoXForCausalLM,20.55069437980115,7.9054164937041635,2.114803625377644,0.1118568232662209,5.03046875,3.027112884160755,44.11262798634812,72.01752638916551,37.61836019303777,33.95728404754168,64.95659037095501,1.592115238817286
upstage/SOLAR-10.7B-Instruct-v1.0,10.732,"💬 chat models (RLHF, DPO, IFT, ...)",LlamaForCausalLM,47.36609972650345,31.87240188800212,5.664652567975831,7.829977628635347,6.942187500000002,23.758865248226947,71.07508532423208,88.159729137622,66.21064893071143,71.42943510205136,83.58326756116811,64.74601971190296
upstage/SOLAR-10.7B-v1.0,10.732,🟢 pretrained,LlamaForCausalLM,24.21264467169333,29.78935808901913,2.643504531722054,4.138702460850116,13.67786458333333,26.667774822695037,61.94539249146758,84.60466042620992,65.47877433224612,45.03940613910581,83.66219415943172,55.49658832448825
