_n,IFEval,BBH,MATH Lvl 5,GPQA,MUSR,MMLU-PRO,ARC,HellaSwag,MMLU,TruthfulQA,Winogrande,GSM8K,arena_chinese,arena_coding,arena_creative_writing,arena_english,arena_exclude_ties,arena_expert,arena_french,arena_german,arena_hard_prompts,arena_hard_prompts_english,arena_industry_business_and_management_and_financial_operations,arena_industry_entertainment_and_sports_and_media,arena_industry_legal_and_government,arena_industry_life_and_physical_and_social_science,arena_industry_mathematical,arena_industry_medicine_and_healthcare,arena_industry_software_and_it_services,arena_industry_writing_and_literature_and_language,arena_instruction_following,arena_japanese,arena_korean,arena_longer_query,arena_math,arena_multi_turn,arena_overall,arena_russian,arena_spanish,oe_aime2026_score,oe_evasionBench_score,oe_gpqa_score,oe_gsm8k_score,oe_hle_score,oe_hmmt2026_score,oe_mmluPro_score,oe_olmOcr_score,oe_swePro_score,oe_sweVerified_score,oe_terminalBench_score,oe_aggregate_score,alpaca_winrate,alpaca_lc_winrate
0hero/matter027bdpo,33.02792147058693,10.055525080241036,1.4350453172205435,1.230425055928408,5.871874999999999,1.8173758865248213,63.31058020477816,83.16072495518821,62.89652043503271,50.300820385233294,80.26835043409629,56.93707354056103,,,,,,,,,,,,,,,,,,,,,,,,,,,,,,,,,,,,,,,,,
yi1534b,28.411725333226947,42.74936268839652,15.332326283987916,15.436241610738255,11.217187500000003,40.732121749408975,65.78498293515358,86.10834495120494,77.9957192730956,53.84452997155903,84.0568271507498,73.23730098559514,,,,,,,,,,,,,,,,,,,,,,,,,,,,,,,,,,,,,,,,,
yi1534bchat,60.66758423205982,44.262825981005655,27.7190332326284,15.324384787472036,13.058072916666664,39.11606087470449,70.4778156996587,85.96893049193388,77.08283992203879,62.15770288656476,81.61010260457773,71.64518574677786,1273.569202565713,1246.2094970563548,1159.426797319421,1248.9619025372176,1098.2840722379897,1216.7841329183389,1211.7124062619198,1156.02759448197,1224.0816963091363,1239.8230920970163,1197.312522124126,1152.0613584118648,1252.3971892278364,1231.784914225262,1221.1590512430462,1228.8310415994736,1237.7364164086166,1174.0618883606785,1185.2265037146535,1075.4899014279754,1079.3816464118347,1201.515316219038,1212.1090443022758,1188.5283493087586,1212.4102722374714,1136.643739918835,1167.0480375050925,,,,,,,,,,,,,,
yi1534bchat16k,45.6449997118756,44.53615654671034,21.37462235649547,11.74496644295302,13.73671875,39.38386524822696,68.08873720136519,86.5166301533559,78.00358753548458,57.61262516867735,83.26756116811366,67.93025018953753,,,,,,,,,,,,,,,,,,,,,,,,,,,,,,,,,,,,,,,,,
yi156b,26.166017278598567,22.027904536694773,6.646525679758309,8.501118568232664,13.309114583333336,23.823507683215126,57.25255972696246,77.92272455686118,64.72689535017567,44.01764913300537,75.13812154696133,50.34116755117514,,,,,,,,,,,,,,,,,,,,,,,,,,,,,,,,,,,,,,,,,
yi156bchat,51.45270105542184,23.67872313235784,16.238670694864048,6.935123042505594,14.030468750000002,24.368351063829788,60.665529010238906,78.86875124477196,64.24095801586486,52.57270462628132,73.55958958168904,67.09628506444277,,,,,,,,,,,,,,,,,,,,,,,,,,,,,,,,,,,,,,,,,
yi159b,29.35843561749492,30.50071699492122,11.404833836858003,17.225950782997764,12.030989583333332,32.402482269503544,61.86006825938567,80.37243576976698,70.73451954519469,46.74286312358864,77.97947908445147,62.69901440485216,,,,,,,,,,,,,,,,,,,,,,,,,,,,,,,,,,,,,,,,,
yi159bchat,60.455258713546726,36.95293138417893,22.58308157099698,11.297539149888143,12.838281249999996,33.05814125295508,63.651877133105806,80.94005178251345,71.01349610420871,52.66590047794028,77.1902131018153,71.87263078089462,,,,,,,,,,,,,,,,,,,,,,,,,,,,,,,,,,,,,,,,,
yi159bchat16k,42.14040966856828,31.49760894701832,17.82477341389728,7.829977628635347,10.03828125,33.261303191489354,64.3344709897611,80.91017725552678,70.95946328062593,51.01756398724204,74.9802683504341,59.66641394996209,,,,,,,,,,,,,,,,,,,,,,,,,,,,,,,,,,,,,,,,,
yi34b,30.45751938190668,35.542431259008794,5.13595166163142,15.548098434004473,9.648437500000004,37.90632387706855,64.59044368600682,85.69010157339176,76.35156727391681,56.23083932983032,83.03078137332281,50.644427596664144,,,,,,,,,,,,,,,,,,,,,,,,,,,,,,,,,,,,,,,,,
yi34b200k,15.424850507763844,36.02211028900003,5.740181268882175,14.205816554809845,9.414843749999998,39.27304964539008,65.78498293515358,82.05536745668194,75.56180045111563,42.60214587740499,82.87292817679558,34.874905231235786,,,,,,,,,,,,,,,,,,,,,,,,,,,,,,,,,,,,,,,,,
yi34bchat,46.98887839820566,37.623987597243485,6.268882175226587,11.74496644295302,8.363802083333338,34.369459219858165,65.10238907849829,84.07687711611233,74.86694971720243,55.411590107853335,79.7947908445146,19.787717968157693,1250.3433820240512,1203.0961922749784,1153.2762372109164,1208.9023309184715,1052.5057053339208,1150.663315998608,1159.271425951326,1103.3535161037244,1182.167635150092,1195.656551186551,1172.4078208779017,1158.4297498602552,1222.61876450723,1215.1687372678723,1157.7656890170726,1203.7726115871592,1204.2702809365674,1162.3118678923274,1148.4898188781672,1049.740658791793,1041.0129246387564,1168.1704862892468,1149.6736940798323,1160.2450021630852,1182.7055911973048,1109.2346573341242,1129.4276574465343,,,,,,,,,,,,,94.08468244084682,76.35646640775717
yi6b,28.93378458046871,19.408504737915056,1.5861027190332326,2.572706935123044,7.044270833333335,22.12433510638298,55.54607508532423,76.41904003186616,63.84606128348609,41.8637665368342,73.79636937647987,12.661106899166036,,,,,,,,,,,,,,,,,,,,,,,,,,,,,,,,,,,,,,,,,
yi6b200k,8.433068702154728,20.148020103768047,1.812688821752266,4.250559284116329,16.842447916666668,20.489804964539008,53.7542662116041,75.57259510057757,64.64867451074461,41.56353427419322,73.63851617995265,31.387414708112203,,,,,,,,,,,,,,,,,,,,,,,,,,,,,,,,,,,,,,,,,
yi9b,27.08779372066118,27.62695611207793,5.589123867069486,9.060402684563762,8.909114583333334,28.59781323877068,61.17747440273038,78.81896036646087,70.06330822380845,42.448173501507824,77.50591949486977,48.9764973464746,,,,,,,,,,,,,,,,,,,,,,,,,,,,,,,,,,,,,,,,,
yi9b200k,23.270921155866432,26.49249509714754,6.646525679758309,8.7248322147651,12.109114583333332,29.1334219858156,58.02047781569966,78.57996415056762,70.34013960436471,40.629087761155006,76.47987371744279,47.61182714177407,,,,,,,,,,,,,,,,,,,,,,,,,,,,,,,,,,,,,,,,,
152334h/miqu170bsf,51.81740005407873,43.807147003691966,12.462235649546828,13.422818791946312,17.209374999999998,35.865469858156025,73.03754266211604,88.60784704242182,75.49241448491702,69.38141094300269,85.31965272296765,67.70280515542078,,,,,,,,,,,,,,,,,,,,,,,,,,,,,,,,,,,,,,,,,
4season/finalmodeltestv2,31.9113286080932,47.410670136906425,8.38368580060423,10.290827740492167,12.430989583333334,28.08990839243498,77.73037542662115,90.85839474208323,67.85937998728824,79.15511171320915,86.26677190213103,66.94465504169825,,,,,,,,,,,,,,,,,,,,,,,,,,,,,,,,,,,,,,,,,
abacusresearch/jallabi34b,35.28604103777975,43.61576498719506,5.211480362537765,11.85682326621924,20.23880208333333,40.90757978723404,66.04095563139933,83.80800637323243,76.39895778013425,51.4638994041072,81.45224940805052,65.20090978013646,,,,,,,,,,,,,,,,,,,,,,,,,,,,,,,,,,,,,,,,,
azure99/blossomv532b,52.3544196066437,42.883055884713976,18.65558912386707,8.165548098434002,8.350000000000001,35.93934692671394,63.82252559726962,83.53913563035252,74.27133632678286,58.2411283755993,81.68902920284135,70.65959059893859,,,,,,,,,,,,,,,,,,,,,,,,,,,,,,,,,,,,,,,,,
azure99/blossomv5llama38b,43.4293230849701,18.306535405618444,5.13595166163142,2.0134228187919474,5.3109375000000005,13.397606382978722,56.8259385665529,83.05118502290381,65.48403336699266,57.12054383937213,78.37411207576953,44.4275966641395,,,,,,,,,,,,,,,,,,,,,,,,,,,,,,,,,,,,,,,,,
azure99/blossomv5134b,56.96562897556262,44.14770458838461,25.90634441087613,7.941834451901568,7.298958333333334,39.53161938534279,67.57679180887372,85.82951603266281,78.04983188277505,61.84494040730718,83.42541436464089,65.57998483699772,,,,,,,,,,,,,,,,,,,,,,,,,,,,,,,,,,,,,,,,,
beespokedata/metallama38bee,19.506575885317623,24.19903269979749,4.833836858006042,8.501118568232664,6.242447916666666,24.66385933806146,58.61774744027304,81.47779326827326,66.0129517443997,42.896417720277256,77.1112865035517,39.8786959818044,,,,,,,,,,,,,,,,,,,,,,,,,,,,,,,,,,,,,,,,,
beespokedata/smolllama101mgqa,13.843712460715349,3.1980040943527936,0.6042296072507553,1.0067114093959737,4.275520833333334,1.1894208037825047,23.549488054607508,28.76916948814977,24.24182455884292,45.7575305625404,50.67087608524072,0.8339651250947688,,,,,,,,,,,,,,,,,,,,,,,,,,,,,,,,,,,,,,,,,
beespokedata/smolllama220mgqa,23.860468002677344,3.03784275772053,1.0574018126888218,0.7829977628635317,9.067708333333334,1.6603871158392434,24.82935153583617,29.76498705437164,25.84974776073331,44.553738237393866,50.98658247829518,0.6823351023502654,,,,,,,,,,,,,,,,,,,,,,,,,,,,,,,,,,,,,,,,,
beespokedata/smolllama220mopenhermes,15.552290145702292,3.107692077087363,1.0574018126888218,2.348993288590602,6.224479166666669,1.337174940898345,25.170648464163826,28.978291177056363,26.174347426387275,43.08131121933828,52.01262825572218,0.6065200909780136,,,,,,,,,,,,,,,,,,,,,,,,,,,,,,,,,,,,,,,,,
ba2han/llamaphi3dora,51.30531434371911,37.24916418079274,12.16012084592145,10.17897091722595,9.532552083333336,32.393247635933804,62.28668941979522,79.07787293367855,69.44258842881598,54.08182044688717,73.4017363851618,68.00606520090979,,,,,,,,,,,,,,,,,,,,,,,,,,,,,,,,,,,,,,,,,
bramvanroy/geitje7bultra,37.23442687624392,12.879913010035898,1.5861027190332326,1.6778523489932915,1.5223958333333336,11.236702127659573,45.47781569965871,75.50288787094205,50.15628346204859,53.35711894508678,71.74427782162589,19.40864291129644,,,,,,,,,,,,,,,,,,,,,,,,,,,,,,,,,,,,,,,,,
causallm/14b,27.882130524785342,24.780942674518663,7.552870090634441,7.046979865771815,11.468229166666667,24.682328605200944,56.655290102389074,79.07787293367855,65.86320847049085,47.747784091321385,74.90134175217048,58.605003790750565,,,,,,,,,,,,,,,,,,,,,,,,,,,,,,,,,,,,,,,,,
causallm/34bbeta,30.43247472262486,36.677226262739055,4.833836858006042,12.863534675615217,6.924739583333334,48.05518617021277,70.56313993174061,84.19637522405895,85.60240455524627,58.37785963295662,81.29439621152328,58.22592873388931,,,,,,,,,,,,,,,,,,,,,,,,,,,,,,,,,,,,,,,,,
changgil/k2s3v01,32.76561745058666,24.559557672503782,4.607250755287009,1.9015659955257265,7.842447916666667,17.359264184397162,60.32423208191127,79.64548894642502,59.30431516494556,47.814614221679655,76.08524072612471,61.713419257012895,,,,,,,,,,,,,,,,,,,,,,,,,,,,,,,,,,,,,,,,,
cohereforai/aya238b,46.98887839820566,20.20376064673937,1.6616314199395772,4.586129753914992,8.424479166666664,14.2010195035461,53.49829351535836,78.03226448914559,56.33899126009816,42.93654330376981,72.77032359905287,43.51781652767248,,,,,,,,,,,,,,,,,,,,,,,,,,,,,,,,,,,,,,,,,
cohereforai/c4aicommandrplus,76.64186580495308,39.91995423143177,8.006042296072508,7.38255033557047,20.42317708333333,33.242833924349874,70.98976109215018,88.55805616411074,75.72824616707308,56.30078705194536,85.39857932123125,70.73540561031083,,,,,,,,,,,,,,,,,,,,,,,,,,,,,,,,,,,,,,,,,
cohereforai/c4aicommandrv01,67.48194789824333,34.556659257058264,3.474320241691843,7.606263982102905,16.12890625,26.32609338061465,65.52901023890784,87.00458076080461,68.19530224441294,52.31991183271746,81.53117600631413,56.633813495072026,,,,,,,,,,,,,,,,,,,,,,,,,,,,,,,,,,,,,,,,,
corianas/neuralmistral7b,54.892352291918776,22.431162626805257,1.8882175226586104,4.4742729306487705,6.208854166666669,19.30777186761229,63.39590443686007,85.59051981676957,60.91744661920596,69.2579382132414,77.42699289660617,37.52843062926459,,,,,,,,,,,,,,,,,,,,,,,,,,,,,,,,,,,,,,,,,
corianas/quokka27b,17.490702447284317,3.1652676176883503,0.8308157099697886,0.7829977628635317,6.087499999999999,1.6142139479905429,31.058020477815703,47.71957777335192,24.80265879539992,40.1449368910433,55.48539857932124,0.3790750568612585,,,,,,,,,,,,,,,,,,,,,,,,,,,,,,,,,,,,,,,,,
danielbrdz/barcenasllama38borpo,73.7242738156979,28.600623499981847,6.570996978851963,7.606263982102905,11.169791666666669,31.44208037825059,71.41638225255973,86.8352917745469,68.01692609518722,62.46965815166623,79.87371744277822,66.41394996209249,,,,,,,,,,,,,,,,,,,,,,,,,,,,,,,,,,,,,,,,,
deci/decilm7b,28.129474239462404,21.252729791067395,2.8700906344410875,6.040268456375841,13.0484375,18.7998670212766,59.38566552901023,82.513443537144,59.76293892443911,40.32625331106103,79.95264404104184,47.38438210765732,,,,,,,,,,,,,,,,,,,,,,,,,,,,,,,,,,,,,,,,,
deci/decilm7binstruct,48.802399854608,23.8871490441846,3.0211480362537766,5.257270693512303,5.985416666666667,17.86716903073286,61.00682593856656,82.37402907787293,60.24359775384097,49.75365084602664,79.71586424625099,46.01971190295679,,,,,,,,,,,,,,,,,,,,,,,,,,,,,,,,,,,,,,,,,
deepmount00/llama38bita,75.3029738870641,28.077745566893725,6.646525679758309,7.38255033557047,11.6796875,31.691415484633573,72.95221843003414,89.07588129854611,68.07648287525649,65.7869692446294,80.18942383583267,65.80742987111448,,,,,,,,,,,,,,,,,,,,,,,,,,,,,,,,,,,,,,,,,
eleutherai/gptneo13b,20.790502533278367,3.024569180930987,1.0574018126888218,0.7829977628635317,4.873697916666666,1.8173758865248213,31.22866894197952,48.46644094801832,24.821655499137048,39.62930604436832,56.9060773480663,0.4548900682335102,,,,,,,,,,,,,,,,,,,,,,,,,,,,,,,,,,,,,,,,,
eleutherai/gptneo125m,19.054442213327302,3.436738951426704,0.6042296072507553,0.4474272930648763,2.6166666666666654,0.2844267139479898,22.95221843003413,30.26289583748257,25.970391377823336,45.5761630633801,51.77584846093133,0.3032600454890068,,,,,,,,,,,,,,,,,,,,,,,,,,,,,,,,,,,,,,,,,
eleutherai/gptneo27b,25.896288514474925,4.178602667081014,1.0574018126888218,2.1252796420581683,3.5205729166666675,1.8081412529550824,33.36177474402731,56.24377614021111,26.45397884474629,39.77795990878021,60.063141278610885,1.288855193328279,,,,,,,,,,,,,,,,,,,,,,,,,,,,,,,,,,,,,,,,,
eleutherai/pythia14b,23.708094522533543,3.878989478987103,1.5105740181268883,1.5659955257270708,4.02265625,1.3648788416075646,31.48464163822526,52.85799641505676,25.80246329076741,38.84599873378337,58.011049723756905,1.516300227445034,,,,,,,,,,,,,,,,,,,,,,,,,,,,,,,,,,,,,,,,,
eleutherai/pythia160m,18.15516163778773,2.198832279508135,0.906344410876133,1.1185682326621946,10.675520833333332,1.3279403073286051,22.781569965870307,30.342561242780324,24.95059339350269,44.26308210078121,51.53906866614049,0.2274450341167551,,,,,,,,,,,,,,,,,,,,,,,,,,,,,,,,,,,,,,,,,
eleutherai/pythia410m,21.954525104500505,2.715428120335748,0.9818731117824772,1.230425055928408,3.0598958333333326,1.4202866430260035,26.19453924914676,40.84843656642103,27.2455074107536,41.21958367286861,53.11760063141279,0.6823351023502654,,,,,,,,,,,,,,,,,,,,,,,,,,,,,,,,,,,,,,,,,
felladrin/minueza32multrachat,13.756277787381924,2.4372895622895623,0.4531722054380665,0.7829977628635317,4.640104166666668,1.4756944444444438,21.07508532423208,26.94682334196376,26.078664437091746,47.70348386044479,51.77584846093133,0.2274450341167551,,,,,,,,,,,,,,,,,,,,,,,,,,,,,,,,,,,,,,,,,
gryphe/pantheonrp108bllama3,39.32521265796974,23.631914688111305,6.3444108761329305,3.467561521252797,5.504947916666667,22.96468676122932,59.89761092150171,83.88767177853018,66.43599356524145,53.82707080772854,77.03235990528809,50.72024260803639,,,,,,,,,,,,,,,,,,,,,,,,,,,,,,,,,,,,,,,,,
huggingfaceh4/zephyr7balpha,51.91480826429429,23.890291427068444,1.9637462235649543,6.375838926174497,7.503125000000001,19.94496158392435,61.00682593856656,84.03704441346346,61.3896585162216,57.90339154881959,78.61089187056038,14.025777103866568,,,,,,,,,,,,,,,,,,,,,,,,,,,,,,,,,,,,,,,,,
huggingfaceh4/zephyr7bbeta,49.50431521695767,21.48754218280673,2.8700906344410875,5.369127516778524,7.7343749999999964,19.78797281323877,62.03071672354948,84.53495319657439,61.061389920377685,57.44145546466379,78.05840568271508,11.372251705837757,,,,,,,,,,,,,,,,,,,,,,,,,,,,,,,,,,,,,,,,,
huggingfaceh4/zephyr7bgemmav01,33.637415391162115,23.751162749201274,8.157099697885197,5.92841163310962,4.179427083333334,20.526743498817968,57.93515358361775,82.91177056363274,58.97589070300901,52.47360246669454,72.53354380426204,44.04852160727824,,,,,,,,,,,,,,,,,,,,,,,,,,,,,,,,,,,,,,,,,
intel/neuralchat7bv3,27.77973554612872,30.205692320538088,2.9456193353474323,5.592841163310966,23.01953125,18.87374408983452,67.15017064846417,83.29018123879706,62.26105246211977,58.76875540849609,78.05840568271508,1.2130401819560273,,,,,,,,,,,,,,,,,,,,,,,,,,,,,,,,,,,,,,,,,
intel/neuralchat7bv31,46.86897432146704,29.7397523676162,3.5498489425981874,5.369127516778524,22.236979166666657,18.642878250591018,64.24914675767917,82.49352718581956,60.791623329684086,56.39976168180672,77.34806629834254,18.11978771796816,,,,,,,,,,,,,,,,,,,,,,,,,,,,,,,,,,,,,,,,,
intel/neuralchat7bv32,49.88397452093778,30.237457969159426,4.758308157099698,5.369127516778524,20.05677083333333,18.522828014184395,67.4914675767918,83.91754630551684,63.55010505598717,59.68243139193981,79.95264404104184,55.117513267627,,,,,,,,,,,,,,,,,,,,,,,,,,,,,,,,,,,,,,,,,
intel/neuralchat7bv33,47.62585495374495,27.753850886523697,4.078549848942599,5.257270693512303,20.578125,18.05186170212766,66.89419795221842,85.26190001991635,63.07073351412039,63.01479198844473,79.63693764798737,61.10689916603488,,,,,,,,,,,,,,,,,,,,,,,,,,,,,,,,,,,,,,,,,
jackfram/llama160m,17.91036671586945,2.033606152852728,0.8308157099697886,1.5659955257270708,4.667708333333334,1.4202866430260035,24.82935153583617,35.232025492929694,24.264248085173428,42.07988166937477,50.82872928176796,0.0758150113722517,,,,,,,,,,,,,,,,,,,,,,,,,,,,,,,,,,,,,,,,,
josephgflowers/cinderphi2v1f16gguf,23.565694579271884,22.45340222827221,2.416918429003021,4.250559284116329,1.965625,12.898936170212766,58.27645051194538,74.0390360485959,54.4625633375583,44.49742873360435,74.66456195737963,47.23275208491281,,,,,,,,,,,,,,,,,,,,,,,,,,,,,,,,,,,,,,,,,
kukedlc/neuralexperiment7bmagiccoderv75,45.52509563513699,16.386034485864904,6.646525679758309,6.152125279642054,13.058072916666664,20.268173758865245,71.33105802047781,87.94064927305317,64.61865938157085,72.11439754946991,83.5043409629045,66.18650492797575,,,,,,,,,,,,,,,,,,,,,,,,,,,,,,,,,,,,,,,,,
llm360/k2,22.52157608478836,28.220402834201128,2.719033232628399,3.5794183445190177,8.550000000000004,22.27208924349881,64.16382252559727,85.69010157339176,67.91233193010133,40.76309789663512,80.11049723756905,48.74905231235785,,,,,,,,,,,,,,,,,,,,,,,,,,,,,,,,,,,,,,,,,
leroydyer/mixtralaiswahilitron7b,15.339964627189191,3.211683047233007,1.3595166163141994,2.0134228187919474,1.920572916666666,2.30681146572104,57.08191126279864,81.58733320055765,58.4910602062954,60.66422406059993,75.5327545382794,33.510235026535256,,,,,,,,,,,,,,,,,,,,,,,,,,,,,,,,,,,,,,,,,
mtsair/multiverse70b,52.49183278146429,46.135898982415,19.259818731117825,13.870246085011187,18.815364583333327,42.89302600472813,78.66894197952219,89.77295359490142,78.21924058186673,75.18499860326567,87.52959747434885,76.64897649734648,,,,,,,,,,,,,,,,,,,,,,,,,,,,,,,,,,,,,,,,,
maziyarpanahi/calme4x7bmoev01,43.15205875964662,31.26187805626151,8.006042296072508,4.250559284116329,10.619010416666669,22.85387115839244,72.52559726962457,88.5978888667596,64.57404270322903,72.86121103319742,83.5043409629045,71.1144806671721,,,,,,,,,,,,,,,,,,,,,,,,,,,,,,,,,,,,,,,,,
maziyarpanahi/calme4x7bmoev02,42.9447200095746,31.396819621762447,7.401812688821751,3.9149888143176734,12.536718750000004,22.86310579196217,72.35494880546075,88.62776339374626,64.63910139125278,72.8437376455901,83.03078137332281,71.03866565579985,,,,,,,,,,,,,,,,,,,,,,,,,,,,,,,,,,,,,,,,,
maziyarpanahi/llama38binstructv08,75.27549125209998,28.270418759783485,7.779456193353475,7.38255033557047,10.924739583333334,31.700650118203303,71.9283276450512,87.75144393547102,68.30489292783267,63.9414107752926,78.92659826361484,68.15769522365429,,,,,,,,,,,,,,,,,,,,,,,,,,,,,,,,,,,,,,,,,
maziyarpanahi/llama38binstructv09,76.3046494412603,27.903013285410186,7.326283987915408,7.718120805369126,9.850260416666666,31.61753841607564,72.35494880546075,88.1696873132842,68.10423906062162,64.67478223824551,79.95264404104184,66.48976497346474,,,,,,,,,,,,,,,,,,,,,,,,,,,,,,,,,,,,,,,,,
ntqai/nxcodecq7borpo,40.07211975336551,17.58000487008142,2.190332326283988,0.5592841163310973,7.04609375,6.794843380614658,35.49488054607509,53.86377215694085,39.24116212815023,45.00708876476855,57.22178374112076,27.065959059893856,,,,,,,,,,,,,,,,,,,,,,,,,,,,,,,,,,,,,,,,,
nytk/puligptrio,21.79716485591564,3.015221141570497,1.2084592145015105,2.1252796420581683,5.3343750000000005,1.521867612293143,30.71672354948805,53.485361481776536,24.72639997652956,39.03276727153012,57.77426992896606,0.7581501137225171,,,,,,,,,,,,,,,,,,,,,,,,,,,,,,,,,,,,,,,,,
nytk/pulillumix32k,16.99612583500667,5.107047129907727,1.283987915407855,0.4474272930648763,7.718750000000001,7.561317966903072,48.634812286689424,74.99502091216888,41.65139731245879,36.92647351967655,68.03472770323599,6.0652009097801365,,,,,,,,,,,,,,,,,,,,,,,,,,,,,,,,,,,,,,,,,
nekochu/luminia13bv3,25.231829323971507,17.690523920374847,1.812688821752266,2.684563758389265,8.891666666666667,13.499187352245862,52.474402730375424,76.08046205935072,53.6020812263416,43.73610781301898,72.61247040252566,4.245640636846096,,,,,,,,,,,,,,,,,,,,,,,,,,,,,,,,,,,,,,,,,
nexusflow/nexusravenv213b,17.90781792311068,15.336448395229596,2.9456193353474323,1.342281879194629,3.7109375,9.685283687943262,45.136518771331055,67.39693288189603,44.87880425591219,44.53595923052835,66.37726913970008,20.92494313874147,,,,,,,,,,,,,,,,,,,,,,,,,,,,,,,,,,,,,,,,,
nousresearch/hermes2prollama38b,53.61839918084017,30.667993420825,8.38368580060423,5.7046979865771785,11.246614583333336,22.798463356974,63.48122866894198,83.22047400916152,64.79850156958106,56.56013468112258,76.40094711917916,67.93025018953753,,,,,,,,,,,,,,,,,,,,,,,,,,,,,,,,,,,,,,,,,
nousresearch/hermes2promistral7b,56.68337788179808,29.427578860536,6.042296072507553,3.1319910514541416,14.132552083333335,21.625664893617017,64.16382252559727,82.73252340171281,62.20609448217756,58.99114428497659,75.61168113654301,60.424564063684606,,,,,,,,,,,,,,,,,,,,,,,,,,,,,,,,,,,,,,,,,
nousresearch/hermes2thetallama38b,65.17883659800441,32.046073848075835,9.667673716012084,7.158836689038028,8.36197916666667,26.316858747044915,63.13993174061433,82.56323441545509,66.51191133673278,55.74103812875774,76.55880031570639,70.73540561031083,,,,,,,,,,,,,,,,,,,,,,,,,,,,,,,,,,,,,,,,,
nousresearch/noushermes2mistral7bdpo,57.62510139762497,27.792545658366084,4.758308157099697,5.7046979865771785,8.330729166666668,22.392139479905435,66.04095563139933,84.95319657438756,63.35665912550744,55.74956853451161,78.05840568271508,60.424564063684606,,,,,,,,,,,,,,,,,,,,,,,,,,,,,,,,,,,,,,,,,
nousresearch/noushermes2mixtral8x7bdpo,58.96898008395502,37.10778379133987,12.235649546827794,9.50782997762864,16.676041666666666,29.622857565011817,71.41638225255973,87.21370244971122,72.27737838264045,54.52997159350775,82.63614838200473,70.65959059893859,,,,,,,,,,,,,,,,,,,,,,,,,,,,,,,,,,,,,,,,,
nousresearch/noushermes2mixtral8x7bsft,57.30783210769647,30.594312778864406,2.114803625377644,6.935123042505594,11.138541666666669,22.95545212765957,69.7098976109215,86.73571001792472,72.20739527153786,51.22209779733843,82.9518547750592,69.59818043972706,,,,,,,,,,,,,,,,,,,,,,,,,,,,,,,,,,,,,,,,,
nousresearch/noushermes2solar107b,52.78660620486975,34.990894584465195,5.740181268882175,5.8165548098434,13.826822916666664,27.314199172576835,66.72354948805462,84.89344752041426,66.29541259257003,55.82372806316004,82.79400157853196,69.44655041698256,,,,,,,,,,,,,,,,,,,,,,,,,,,,,,,,,,,,,,,,,
nousresearch/noushermesllama27b,17.290788441335657,13.78941955171473,0.906344410876133,1.789709172259505,11.681510416666669,10.442523640661936,55.11945392491467,78.9384584744075,48.33523465369221,49.00744183013028,74.03314917127072,5.761940864291129,,,,,,,,,,,,,,,,,,,,,,,,,,,,,,,,,,,,,,,,,
nousresearch/yarnmistral7b128k,19.33669330709185,20.633112436478672,3.1722054380664653,6.487695749440718,8.948177083333333,21.034648345153663,59.64163822525597,82.50348536148178,63.02324877855956,41.78089706148495,76.95343330702447,32.60045489006823,,,,,,,,,,,,,,,,,,,,,,,,,,,,,,,,,,,,,,,,,
nousresearch/yarnmistral7b64k,20.79548930171944,20.23020020918289,3.700906344410876,5.369127516778524,9.881510416666666,21.26551418439716,59.89761092150171,82.513443537144,62.96478981633615,41.85573352353131,77.26913970007892,33.2827899924185,,,,,,,,,,,,,,,,,,,,,,,,,,,,,,,,,,,,,,,,,
openorca/mistral7bopenorca,49.77659277384008,25.840025395269805,3.5498489425981874,2.9082774049217,5.889322916666667,18.36583924349882,64.07849829351537,83.98725353515236,62.24441734951871,53.0457680483314,77.7426992896606,19.9393479909022,,,,,,,,,,,,,,,,,,,,,,,,,,,,,,,,,,,,,,,,,
openassistant/oasstsft1pythia12b,10.553885911603434,4.778508799161477,1.5105740181268883,1.0067114093959737,2.987239583333334,1.2540632387706852,46.41638225255973,69.99601672973512,26.193572189883703,39.18763131130368,62.194159431728494,0.6065200909780136,,,,,,,,,,,,,,,,,,,,,,,,,,,,,,,,,,,,,,,,,
openbuddy/openbuddyllama38bv2118k,55.69666263292508,26.115045337590946,4.305135951661631,2.796420581655479,10.346354166666664,21.71801122931442,57.423208191126285,78.72933678550089,63.804821918381386,55.48010957597948,75.21704814522494,61.18271417740713,,,,,,,,,,,,,,,,,,,,,,,,,,,,,,,,,,,,,,,,,
openbuddy/openbuddymixtral7bx8v18132k,54.9347952322061,24.5354429684368,10.80060422960725,7.270693512304249,5.281510416666666,31.15580673758865,67.66211604095564,84.29595698068114,70.93533888715862,56.7198448780328,80.97868981846882,65.12509476876421,,,,,,,,,,,,,,,,,,,,,,,,,,,,,,,,,,,,,,,,,
qwen1505b,17.056077873375976,5.035475836799366,1.7371601208459215,0.5592841163310973,4.303125,3.4149674940898342,31.48464163822526,49.05397331208923,39.35334081217581,38.29926844374736,57.22178374112076,16.300227445034114,,,,,,,,,,,,,,,,,,,,,,,,,,,,,,,,,,,,,,,,,
qwen1505bchat,18.072713732895387,4.318032636938059,0.6797583081570997,2.572706935123044,6.063541666666667,2.362219267139479,30.54607508532424,44.07488548097989,33.81983654590648,42.95422712870499,54.61720599842147,7.657316148597422,,,,,,,,,,,,,,,,,,,,,,,,,,,,,,,,,,,,,,,,,
qwen1518b,21.54239639711521,9.759901587727937,3.1722054380664653,7.38255033557047,3.963802083333334,9.79609929078014,37.8839590443686,61.42202748456482,46.70838530175783,39.42781424608406,60.29992107340174,33.586050037907505,,,,,,,,,,,,,,,,,,,,,,,,,,,,,,,,,,,,,,,,,
qwen1518bchat,20.190982149585324,5.908662877770453,1.9637462235649543,6.375838926174497,12.179427083333335,8.928043735224584,38.73720136518772,60.01792471619199,45.86651800528403,40.6175277448171,59.66850828729282,19.02956785443518,,,,,,,,,,,,,,,,,,,,,,,,,,,,,,,,,,,,,,,,,
qwen15110b,34.21942667677318,44.28047655387545,24.69788519637462,13.646532438478744,13.70546875,48.45227541371159,69.96587030716724,87.48257319259112,80.19575908781562,49.66492716220296,84.13575374901342,81.04624715693708,,,,,,,,,,,,,,,,,,,,,,,,,,,,,,,,,,,,,,,,,
qwen15110bchat,59.38864435254016,44.98454525616634,23.413897280966765,12.192393736017896,16.287499999999994,42.49593676122932,72.01365187713311,84.67436765584544,78.03946337687869,65.86438050595372,77.34806629834254,30.09855951478393,1279.52387424031,1277.5359684989671,1192.521636677015,1255.6038676203466,1129.099779789111,1224.027097936926,1230.1178428265816,1189.219387602296,1244.581269143074,1262.4811348297326,1222.2963484246632,1190.91342786324,1270.9742761735945,1249.5150340064326,1229.987624299314,1250.4278678933824,1259.156492817351,1216.711858783672,1214.4478455283208,1136.5507807032625,1121.8443576358804,1225.589503271853,1220.1156915655022,1211.7125538980188,1232.973945429671,1173.1621381229488,1210.2210222850772,,,,,,,,,,,,,,
qwen1514b,29.05368865720732,30.063103282917453,20.241691842900305,5.92841163310962,10.464062500000002,29.37352245862884,56.56996587030717,81.0794662417845,69.36026470831474,52.06092394796343,73.48066298342542,67.62699014404852,,,,,,,,,,,,,,,,,,,,,,,,,,,,,,,,,,,,,,,,,
qwen1514bchat,47.68082022367319,32.75647930053065,15.256797583081571,2.684563758389265,13.930729166666667,29.08724881796691,58.78839590443686,82.33419637522405,68.51540963742676,60.38018424004776,73.32280978689818,30.856709628506447,1240.0629797475665,1236.910264588648,1136.3941844948818,1206.6678991421977,1065.4663124003478,1188.888965865969,1197.159959571723,1110.037640267214,1198.204614439116,1206.7828841525888,1173.350720283222,1124.0403609282027,1207.5762535821605,1193.1842623435282,1182.5783131524909,1213.0904124390397,1229.977920781745,1162.6123019458978,1163.9419104886022,1082.4293515073614,,1188.9277465020175,1165.52260925142,1164.026440942985,1189.750120233677,1104.0641877772832,1155.212613825952,,,,,,,,,,,,,,
qwen1532b,32.97295620065869,38.980351633108974,30.28700906344411,10.626398210290828,12.040625000000004,38.88519503546098,63.56655290102389,85.00298745269866,74.29961283965316,57.39444338569582,81.45224940805052,61.10689916603488,,,,,,,,,,,,,,,,,,,,,,,,,,,,,,,,,,,,,,,,,
qwen1532bchat,55.32199009738605,44.55485402391639,19.561933534743204,7.494407158836691,10.197395833333337,38.41422872340425,66.04095563139933,85.49093806014739,74.99313230796709,66.94777411427349,77.1902131018153,7.050796057619409,1265.6993841364117,1259.1515922759609,1130.7252751764363,1222.396455729262,1083.6223925244417,1218.26291653698,1183.9453011477235,1131.126747066823,1218.9489680943525,1233.5895198235823,1185.7890157656525,1138.8486878443769,1230.6871816868872,1223.0464793978126,1212.0567008099435,1217.914334455743,1241.164794851745,1169.8869835514226,1180.205901851332,1099.2456814830516,1097.2716629472086,1220.5550966327066,1199.0248207656127,1191.5888584826196,1202.625421118618,1137.6922144560083,1167.156200202117,,,,,,,,,,,,,,
qwen154b,24.447466056729475,16.249142581095292,5.287009063444108,3.5794183445190177,4.8226562500000005,16.22340425531915,48.4641638225256,71.57936666002789,56.523519639933376,47.27318979180884,66.21941594317285,52.23654283548142,,,,,,,,,,,,,,,,,,,,,,,,,,,,,,,,,,,,,,,,,
qwen154bchat,31.566576683200577,16.29707852890831,2.794561933534743,2.2371364653243813,7.355989583333333,15.512337470449172,43.25938566552901,69.7271459868552,55.55462512266324,44.79029862950014,64.95659037095501,2.4260803639120545,1146.1460448214484,1128.2192307785597,1047.793875744558,1104.6616096781445,895.205918987228,1101.3645639232968,,1000.1971831706396,1092.5707236054986,1096.691515442947,1089.2786281656645,1045.7687268359891,1143.308872904966,1111.3614112186565,1064.3649045670252,1113.470840748034,1117.708177188244,1073.2370503882428,1064.0558404985632,,,1074.35513548185,1083.526887842508,1053.4730416032394,1088.8539728060905,1037.8302612512537,,,,,,,,,,,,,,,
qwen157b,26.842998798742894,23.075768754340448,9.290030211480364,6.487695749440718,9.158333333333331,21.293218085106385,54.18088737201365,78.5102569209321,61.9700216814056,51.08227702127015,71.27071823204419,53.5253980288097,,,,,,,,,,,,,,,,,,,,,,,,,,,,,,,,,,,,,,,,,
qwen157bchat,43.71157417873464,22.379129599952787,6.268882175226587,7.046979865771815,4.63828125,21.681072695035464,55.88737201365189,78.56004779924318,61.64766854906246,53.543258223543056,67.71902131018153,13.570887035633056,1227.407352063427,1206.9069671860557,1080.2224952271808,1161.954999610587,992.9974964603878,1143.126168031894,,,1148.42789023236,1156.3240446536026,1151.405625294038,1084.2939763214636,1180.356762095554,1162.5199972167704,1153.670860847614,1168.9117689657685,1179.334273260284,1111.132888413681,1120.0828495475316,,,1160.613200317274,1119.1605825898027,1111.9905826257825,1142.6041635941426,1066.069090594644,,,,,,,,,,,,,,,
qwen15moea27b,26.59820387682461,18.837858500547185,9.290030211480364,1.230425055928408,7.967968750000003,19.751034278959807,54.86348122866895,79.38657637920733,62.54071682523817,50.09324767769737,72.29676400947119,16.982562547384383,,,,,,,,,,,,,,,,,,,,,,,,,,,,,,,,,,,,,,,,,
qwen15moea27bchat,37.95385133667558,20.04181889554096,6.3444108761329305,3.243847874720355,6.334375000000001,21.3670951536643,53.66894197952219,80.5417247560247,60.970670017639726,50.56172788604174,69.37647987371744,28.203184230477635,,,,,,,,,,,,,,,,,,,,,,,,,,,,,,,,,,,,,,,,,
qwen205b,18.73218615495773,7.918512040903256,2.643504531722054,1.45413870246085,4.601041666666668,7.99534574468085,31.91126279863481,48.73531169089823,45.17037929235293,39.77225754846854,55.80110497237569,35.70887035633055,,,,,,,,,,,,,,,,,,,,,,,,,,,,,,,,,,,,,,,,,
qwen215b,21.132705665412217,11.781833653483533,7.02416918429003,1.9015659955257265,3.5932291666666667,17.239213947990542,44.28327645051194,66.66998605855407,57.25919892204937,45.91892724530115,64.87766377269139,55.799848369977255,,,,,,,,,,,,,,,,,,,,,,,,,,,,,,,,,,,,,,,,,
qwen272b,38.23610243044012,51.85613118695519,31.1178247734139,19.239373601789712,19.728906250000005,52.56168735224587,68.77133105802048,87.27345150368453,83.79060762911848,54.73731276983239,84.45146014206787,85.29188779378318,,,,,,,,,,,,,,,,,,,,,,,,,,,,,,,89.5,,,,,,,,89.5,,
qwen27b,31.48667757106699,34.711136202753416,20.39274924471299,7.270693512304249,14.322916666666666,35.366799645390074,59.72696245733788,79.82473610834495,70.4515868286805,53.13719780882018,74.34885556432518,72.93404094010614,,,,,,,,,,,,,,,,,,,,,,,,,,,,,,,79.9,,,,,,,,79.9,,
sanjiwatsuki/kunoichidpov27b,54.31034100630771,20.903472484123803,7.628398791540786,6.152125279642054,11.087500000000004,23.407949172576835,69.36860068259386,87.4228241386178,64.82732307157633,66.00088520452543,80.74191002367797,66.03487490523123,,,,,,,,,,,,,,,,,,,,,,,,,,,,,,,,,,,,,,,,,
sao10k/fimbulvetr11bv2,51.00056738343152,22.65512081005865,6.797583081570997,5.592841163310966,14.920572916666666,25.56885342789598,70.13651877133105,87.77136028679547,66.68485642797853,63.41862515052982,82.71507498026835,63.68460955269143,,,,,,,,,,,,,,,,,,,,,,,,,,,,,,,,,,,,,,,,,
seallms/seallm7bv2,36.71236762900216,27.43815940157093,8.534743202416918,3.803131991051453,9.36979166666667,23.140144799054376,62.03071672354948,82.32423819956183,61.89084724067014,51.10807878391984,79.08445146014206,68.99166034874905,,,,,,,,,,,,,,,,,,,,,,,,,,,,,,,,,,,,,,,,,
seallms/seallm7bv25,45.21536190640833,28.73815393010281,10.876132930513595,3.467561521252797,11.60703125,24.479166666666664,63.48122866894198,81.53754232224657,64.92935722922664,53.77824746433616,76.32202052091554,74.37452615617892,,,,,,,,,,,,,,,,,,,,,,,,,,,,,,,,,,,,,,,,,
tigerlab/mammoth27bplus,55.74664113441224,18.92595322755573,18.580060422960727,4.026845637583895,10.1109375,22.410608747044915,63.56655290102389,80.1135232025493,63.28148020364438,54.52886371178691,73.8752959747435,71.1144806671721,,,,,,,,,,,,,,,,,,,,,,,,,,,,,,,,,,,,,,,,,
telugullmlabs/indicgemma7bfinetunedsftnavarasa20,32.36844904852458,16.263180963543576,2.56797583081571,2.684563758389265,9.140364583333332,15.004432624113472,54.60750853242321,74.34773949412468,54.148983710027046,49.58878799755325,69.61325966850829,32.14556482183472,,,,,,,,,,,,,,,,,,,,,,,,,,,,,,,,,,,,,,,,,
tencentarc/llamapro8b,22.77135777514772,9.2939499758607,1.8882175226586104,1.342281879194629,8.593229166666669,9.011155437352246,53.7542662116041,77.91276638119896,47.49331993287192,38.859489598867015,74.19100236779795,17.81652767247915,,,,,,,,,,,,,,,,,,,,,,,,,,,,,,,,,,,,,,,,,
tencentarc/llamapro8binstruct,44.86063644463357,19.485726056875954,2.492447129909366,3.243847874720355,11.1109375,10.507166075650115,52.986348122866886,76.97669786895041,52.577029472650906,49.42677553605432,72.21783741120757,44.200151630022745,,,,,,,,,,,,,,,,,,,,,,,,,,,,,,,,,,,,,,,,,
tencentarc/mistralpro8bv01,21.145227995053123,22.89418875876804,5.664652567975831,4.026845637583895,11.828645833333336,19.61251477541371,62.20136518771331,82.12507468631746,61.74163205184785,49.32206521282016,76.79558011049724,34.19257012888552,,,,,,,,,,,,,,,,,,,,,,,,,,,,,,,,,,,,,,,,,
tinyllama/tinyllama11bchatv06,15.742119797692348,3.390370709512531,1.5861027190332326,1.1185682326621946,2.2773437500000004,1.6511524822695034,31.65529010238908,55.785700059749054,25.98326379797648,34.71656737766869,59.35280189423836,2.122820318423048,,,,,,,,,,,,,,,,,,,,,,,,,,,,,,,,,,,,,,,,,
tinyllama/tinyllama11bintermediatestep1431k3t,22.76637100670665,3.547093389508079,1.2084592145015105,0.3355704697986553,2.187239583333333,1.337174940898345,33.87372013651877,60.30671181039634,26.04163877765532,37.32177557725045,59.51065509076558,1.4404852160727823,,,,,,,,,,,,,,,,,,,,,,,,,,,,,,,,,,,,,,,,,
vagosolutions/llama3sauerkrautlm8binstruct,74.45367181301171,28.0492424520597,6.646525679758309,7.829977628635347,11.2796875,31.746823286052013,73.72013651877133,89.41445927106155,68.06693959226845,66.24826458272767,80.03157063930544,64.97346474601972,,,,,,,,,,,,,,,,,,,,,,,,,,,,,,,,,,,,,,,,,
vagosolutions/sauerkrautlm7blaserchat,59.87823419637673,22.99208011647468,7.779456193353475,6.711409395973152,9.916927083333333,25.60579196217494,67.57679180887372,83.57896833300138,64.93083832612363,56.08405966931661,80.89976322020522,68.84003032600455,,,,,,,,,,,,,,,,,,,,,,,,,,,,,,,,,,,,,,,,,
vagosolutions/sauerkrautlmgemma2b,24.75221301701707,9.133870459903902,2.794561933534743,0.8948545861297527,3.514583333333334,5.206486406619384,48.72013651877133,71.41007767377016,42.90010296269322,35.77128173787486,67.95580110497238,26.76269901440485,,,,,,,,,,,,,,,,,,,,,,,,,,,,,,,,,,,,,,,,,
vagosolutions/sauerkrautlmgemma7b,34.06705319662939,18.492651800030927,6.722054380664652,4.809843400447425,2.9283854166666674,21.79188829787234,59.98293515358362,81.90599482174865,63.76125836574664,60.99520086028254,76.63772691397,63.68460955269143,,,,,,,,,,,,,,,,,,,,,,,,,,,,,,,,,,,,,,,,,
vagosolutions/sauerkrautlmmixtral8x7binstruct,56.01891869129465,33.94516253986293,9.818731117824774,6.375838926174497,11.31875,29.44739952718675,70.56313993174061,87.7414857598088,71.07702027735334,65.71841488837453,81.45224940805052,59.81804397270659,,,,,,,,,,,,,,,,,,,,,,,,,,,,,,,,,,,,,,,,,
vagosolutions/sauerkrautlmsolarinstruct,49.17208562170596,31.838919738784018,6.3444108761329305,7.38255033557047,8.334374999999996,24.257535460992905,70.81911262798634,88.62776339374626,66.19741039953013,71.94604048636172,83.5043409629045,64.13949962092495,,,,,,,,,,,,,,,,,,,,,,,,,,,,,,,,,,,,,,,,,
valiantlabs/llama370bfireplace,77.73596280092377,49.55653001638277,21.45015105740181,13.982102908277405,16.7734375,43.25317671394799,70.64846416382252,85.00298745269866,78.97016507376225,59.76722030338449,82.4782951854775,83.62395754359363,,,,,,,,,,,,,,,,,,,,,,,,,,,,,,,,,,,,,,,,,
weyaxi/bagelhermes2x34b,54.31532777474878,27.409031445428763,6.042296072507553,10.402684563758392,15.625000000000002,39.873300827423165,69.7952218430034,85.26190001991635,77.24108209767635,64.82085164957935,84.76716653512234,68.68840030326004,,,,,,,,,,,,,,,,,,,,,,,,,,,,,,,,,,,,,,,,,
weyaxi/einsteinv47b,47.08129983998015,14.30445141720726,1.8882175226586104,4.250559284116329,19.02083333333333,13.98862293144208,64.67576791808874,83.74825731925911,62.30727124033313,55.14788751482042,76.24309392265194,57.619408642911296,,,,,,,,,,,,,,,,,,,,,,,,,,,,,,,,,,,,,,,,,
weyaxi/einsteinv61llama38b,45.68245588372186,29.38377348658535,6.797583081570997,4.250559284116329,11.22682291666667,23.675753546099287,62.45733788395904,82.41386178052181,66.18688535137977,55.10255717182386,79.32123125493291,66.11068991660348,,,,,,,,,,,,,,,,,,,,,,,,,,,,,,,,,,,,,,,,,
abacusai/liberatedqwen1514b,36.310212458499,28.020905999685464,16.012084592145015,4.4742729306487705,10.316927083333333,27.914450354609933,57.93515358361775,80.56164110734913,68.81279626525311,52.37319696570074,74.58563535911603,65.88324488248674,,,,,,,,,,,,,,,,,,,,,,,,,,,,,,,,,,,,,,,,,
abacusai/smaug34bv01,50.15625207782018,34.261660667279955,7.175226586102719,10.626398210290828,8.134375000000004,39.36539598108747,74.23208191126281,86.75562636924916,76.66476969478123,70.22329988948236,83.66219415943172,72.17589082638362,,,,,,,,,,,,,,,,,,,,,,,,,,,,,,,,,,,,,,,,,
abacusai/smaug72bv01,51.67001334237601,43.12510043134919,19.10876132930513,9.843400447427292,14.415364583333334,40.26115543735224,76.02389078498294,89.26508663612826,77.15452603998116,76.66613083747419,85.0828729281768,78.69598180439728,,,,,,,,,,,,,,,,,,,,,,,,,,,,,,,,,,,,,,,,,
abacusai/smaugmixtralv01,55.54428915278129,31.919260543426763,9.516616314199396,6.823266219239373,12.993229166666673,26.13216607565012,74.9146757679181,87.7912766381199,70.08196114178702,66.87855496828143,81.68902920284135,72.47915087187263,,,,,,,,,,,,,,,,,,,,,,,,,,,,,,,,,,,,,,,,,
abhishek/autotrainllama370borpov2,54.06055931594835,39.88219882979646,21.07250755287009,5.8165548098434,9.950000000000005,42.4220596926714,70.90443686006826,86.0884285998805,80.06800948229515,62.8181612199774,84.92501973164957,84.23047763457164,,,,,,,,,,,,,,,,,,,,,,,,,,,,,,,,,,,,,,,,,
abhishek/autotrainllama3orpov2,43.71656094717572,4.380133995067516,4.682779456193353,2.2371364653243813,5.104947916666667,13.536125886524822,62.116040955631405,79.50607448715395,67.13729787355672,52.20046543193273,76.00631412786109,66.03487490523123,,,,,,,,,,,,,,,,,,,,,,,,,,,,,,,,,,,,,,,,,
adamo1139/yi34b200kaezakmiv2,45.55257827010111,35.2764249557812,5.664652567975831,10.96196868008949,6.475520833333334,39.03294917257684,67.91808873720136,85.61043616809401,75.2178149833045,56.74054536094884,81.61010260457773,58.90826383623957,,,,,,,,,,,,,,,,,,,,,,,,,,,,,,,,,,,,,,,,,
ai4bharat/airavata,5.585402288150995,11.57402914482553,1.812688821752266,3.243847874720355,4.036458333333333,7.053413120567376,46.50170648464164,69.25911173073092,43.90176327883992,40.61889988501365,68.82399368587214,4.01819560272934,,,,,,,,,,,,,,,,,,,,,,,,,,,,,,,,,,,,,,,,,
allenai/olmo177bhf,15.68970332052288,2.7703163925041445,0.2265861027190332,0.6711409395973182,2.0695312500000003,1.374113475177304,49.40273037542662,78.6795459071898,53.5174830111393,35.893859352657294,72.45461720599842,26.990144048521607,,,,,,,,,,,,,,,,,,,,,,,,,,,,,,,,,,,,,,,,,
allenai/olmo1bhf,21.819660722438684,3.1965463124303173,1.7371601208459215,1.5659955257270708,9.555989583333334,1.9281914893617007,34.72696245733788,63.6427006572396,26.234231797093017,32.94531300018437,61.24704025256512,1.8953752843062923,,,,,,,,,,,,,,,,,,,,,,,,,,,,,,,,,,,,,,,,,
allenai/olmo7bhf,27.19273749207658,5.761987041080832,1.2084592145015105,3.0201342281879207,2.0833333333333326,1.9189568557919607,45.64846416382253,77.30531766580363,28.1322718394009,35.926482582056515,69.37647987371744,3.790750568612585,,,,,,,,,,,,,,,,,,,,,,,,,,,,,,,,,,,,,,,,,
anakin87/gemma2borpo,24.779695651981186,7.94944502776896,1.8882175226586104,1.5659955257270708,4.128385416666667,3.3964982269503543,49.14675767918089,73.7203744274049,38.52280609622225,44.53468253241183,64.32517758484609,13.874147081122064,,,,,,,,,,,,,,,,,,,,,,,,,,,,,,,,,,,,,,,,,
argilla/notus7bv1,50.820711268323606,22.74711196116141,3.1722054380664653,5.257270693512303,6.58541666666667,22.26285460992908,64.59044368600682,84.78390758812986,63.03308230938871,54.36768358952805,79.40015785319653,15.16300227445034,,,,,,,,,,,,,,,,,,,,,,,,,,,,,,,,,,,,,,,,,
argilla/notux8x7bv1,54.22290633297429,34.75806168290175,9.969788519637463,7.829977628635347,10.532552083333334,29.558215130023648,70.64846416382252,87.72156940848437,71.38894203721195,66.20853259521382,80.74191002367797,61.10689916603488,,,,,,,,,,,,,,,,,,,,,,,,,,,,,,,,,,,,,,,,,
awnr/mistral7bv01signtensors1over2,21.792178087474564,22.40015255970937,3.3987915407854987,7.606263982102905,8.80885416666667,22.21668144208038,60.32423208191127,83.12089225253933,64.1108943634331,41.9395930506479,77.42699289660617,35.93631539044731,,,,,,,,,,,,,,,,,,,,,,,,,,,,,,,,,,,,,,,,,
beowolx/codeninja10openchat7b,54.467701254892575,21.713423267203808,6.722054380664652,5.92841163310962,11.540364583333336,22.392139479905435,63.48122866894198,83.64867556263692,63.77257059005235,47.16102407729485,79.7947908445146,66.565579984837,,,,,,,,,,,,,,,,,,,,,,,,,,,,,,,,,,,,,,,,,
berkeleynest/starlinglm7balpha,54.80491761858535,21.95402808715926,8.38368580060423,6.263982102908276,9.501302083333334,24.128250591016545,63.651877133105806,84.87353116908982,64.70438661462165,46.32285287441339,80.42620363062352,62.3199393479909,,,,,,,,,,,,,,,,,,,,,,,,,,,,,,,,,,,,,,,,,
bigcode/starcoder215b,27.802231412651764,20.373540752678547,5.966767371601208,3.1319910514541416,2.9283854166666674,15.032136524822691,47.35494880546075,64.09081856203943,51.34583865906561,37.8734193251474,63.85161799526441,52.23654283548142,,,,,,,,,,,,,,,,,,,,,,,,,,,,,,,,,,,,,,,,,
bigcode/starcoder27b,22.09193827932109,11.395110106503443,3.096676737160121,0.2237136465324418,5.8166666666666655,7.1365248226950335,38.31058020477816,51.91196972714599,41.21331864479665,41.99349765667209,59.194948697711126,25.09476876421532,,,,,,,,,,,,,,,,,,,,,,,,,,,,,,,,,,,,,,,,,
bigscience/bloom1b1,13.733781920858878,4.042705269260129,0.5287009063444109,1.230425055928408,3.416666666666666,1.198655437352245,28.327645051194537,42.780322644891456,26.70214825620786,41.797167037137655,55.011838989739545,0.2274450341167551,,,,,,,,,,,,,,,,,,,,,,,,,,,,,,,,,,,,,,,,,
bigscience/bloom1b7,10.438968603305897,4.39745292760164,0.5287009063444109,1.1185682326621946,6.838281250000001,0.958554964539006,30.631399317406142,47.600079665405296,27.47846514752041,41.309062711992766,56.03788476716653,0.8339651250947688,,,,,,,,,,,,,,,,,,,,,,,,,,,,,,,,,,,,,,,,,
bigscience/bloom560m,6.202431769926019,2.885363608028119,0.3776435045317221,1.5659955257270708,8.185416666666667,1.8266105200945613,24.744027303754265,37.1539533957379,24.21541212062042,42.44428174437843,51.93370165745856,0.3032600454890068,,,,,,,,,,,,,,,,,,,,,,,,,,,,,,,,,,,,,,,,,
bigscience/bloom7b1,13.221696210499251,4.038808518979752,0.5287009063444109,1.9015659955257265,1.920572916666666,1.1617169030732852,41.12627986348123,61.99960167297351,26.246222375725694,38.89784219035787,65.4301499605367,1.3646702047005308,,,,,,,,,,,,,,,,,,,,,,,,,,,,,,,,,,,,,,,,,
cloudyu/mixtral11bx2moe19b,38.50837998732253,32.78564048528819,6.722054380664652,5.369127516778524,13.377604166666664,25.67966903073286,71.160409556314,88.46843258315077,66.30837852889432,71.99912316059361,83.26756116811366,65.27672479150873,,,,,,,,,,,,,,,,,,,,,,,,,,,,,,,,,,,,,,,,,
cloudyu/mixtral34bx2moe60b,45.37770892343427,41.20912905359096,7.7039274924471295,11.74496644295302,17.78177083333333,41.84951241134751,71.33105802047781,85.25194184425413,77.34083385400412,66.5863089846915,84.84609313338595,74.60197119029569,,,,,,,,,,,,,,,,,,,,,,,,,,,,,,,,,,,,,,,,,
cloudyu/mixtral7bx2moe,44.80068440626427,32.2766407313606,6.873111782477341,7.38255033557047,14.64479166666666,22.7061170212766,71.24573378839591,87.45269866560446,64.98316784729671,67.23305286969268,81.21546961325967,68.46095526914328,,,,,,,,,,,,,,,,,,,,,,,,,,,,,,,,,,,,,,,,,
cloudyu/yi34bx2moe60bdpo,53.1887613753729,31.259298004231464,7.02416918429003,9.61968680089485,14.316927083333333,40.8521719858156,71.24573378839591,85.10256920932086,77.35836583718803,66.24336903360023,84.76716653512234,73.91963608794542,,,,,,,,,,,,,,,,,,,,,,,,,,,,,,,,,,,,,,,,,
cognitivecomputations/dolphin29llama38b,38.503393218881456,27.858929260905125,5.740181268882175,4.921700223713646,13.791406250000003,19.67715721040189,58.95904436860068,80.4919338777136,61.03678038351008,55.86517089760177,74.5067087608524,64.6702047005307,,,,,,,,,,,,,,,,,,,,,,,,,,,,,,,,,,,,,,,,,
cognitivecomputations/dolphin291yi1534b,38.52588908540451,44.17408874277273,18.65558912386707,12.416107382550338,16.97395833333334,39.09759160756501,69.36860068259386,85.53077076279627,77.52303405803303,62.336628838276994,82.55722178374111,73.0098559514784,,,,,,,,,,,,,,,,,,,,,,,,,,,,,,,,,,,,,,,,,
cognitivecomputations/dolphin291yi159b,44.653297694561545,35.7760897255686,15.181268882175228,11.74496644295302,13.516927083333336,32.96579491725768,65.69965870307168,80.9699263095001,70.80758506037556,53.76110743407166,77.50591949486977,64.74601971190296,,,,,,,,,,,,,,,,,,,,,,,,,,,,,,,,,,,,,,,,,
databricks/dbrxbase,8.214723926380369,32.60853758169935,10.0,10.22222222222222,9.333333333333334,27.77777777777777,66.04095563139933,88.99621589324835,74.69631070654663,55.06968114125934,78.05840568271508,68.53677028051554,,,,,,,,,,,,,,,,,,,,,,,,,,,,,,,,,,,,,,,,,
databricks/dbrxinstruct,54.15796752616392,35.96381960359357,6.873111782477341,12.192393736017896,12.19921875,29.807550236406616,67.83276450511946,88.84684325831508,73.71692500000478,67.01581542845837,82.08366219415943,67.32373009855952,,,,,,,,,,,,,,,,,,,,,,,,,,,,,,,,,,,,,,,,,
databricks/dollyv27b,20.09856070781084,5.449892512817211,1.4350453172205435,2.460850111856823,2.779427083333333,1.6603871158392434,44.53924914675768,69.63752240589524,25.183937022975865,34.88307215327646,60.063141278610885,1.1372251705837757,,,,,,,,,,,,,,,,,,,,,,,,,,,,,,,,,,,,,,,,,
davidkim205/rhea72bv05,1.4538092261865183,3.6707473002836015,17.371601208459214,0.3355704697986553,11.316927083333333,1.8450797872340408,79.77815699658703,91.1471818362876,77.95247822278264,74.50090367696568,87.84530386740332,76.11827141774071,,,,,,,,,,,,,,,,,,,,,,,,,,,,,,,,,,,,,,,,,
deepseekllm67bchat,55.87153197959192,33.22524192534525,9.290030211480364,8.83668903803132,23.93307291666666,32.70722517730496,67.74744027303754,86.81537542322246,72.41916167903139,55.85391071400314,84.21468034727704,63.68460955269143,1233.708632931636,1214.884601420656,1133.460506106003,1203.8991281773065,1055.1154965396115,,,,1173.2063853981174,1187.524519830319,1164.6425955616028,1139.1876472925546,1204.2172329099735,1184.1403272832476,1146.7585360739404,1214.2087510139431,1205.177819955143,1168.0161265263264,1152.6904610800448,,,1180.0138019647084,1153.953220517015,1150.8221844136174,1183.11366530535,,,,,,,,,,,,,,,,
deepseekllm7bchat,41.70822307034224,11.258949371501748,2.0392749244713,2.1252796420581683,19.21302083333333,12.594193262411348,55.80204778156996,79.3766182035451,51.74656618684998,47.98435880034662,74.82241515390686,46.55041698256255,,,,,,,,,,,,,,,,,,,,,,,,,,,,,,,,,,,,,,,,,
deepseekmoe16bbase,24.49744455821664,8.355555779389382,2.416918429003021,0.5592841163310973,3.355989583333334,5.612810283687943,53.24232081911264,79.77494523003385,46.306113561052754,36.079303352335614,73.71744277821625,17.28582259287339,,,,,,,,,,,,,,,,,,,,,,,,,,,,,,,,,,,,,,,,,
dfurman/llama370borpov01,20.490742341431847,24.09381654636037,15.78549848942598,1.0067114093959737,16.2796875,32.14391252955083,68.68600682593856,88.01035650268871,79.39372632595835,49.62284976273104,85.47750591949487,76.80060652009098,,,,,,,,,,,,,,,,,,,,,,,,,,,,,,,,,,,,,,,,,
dfurman/llama38borpov01,28.351773294857644,13.68074574746978,5.211480362537765,1.45413870246085,2.24609375,14.42265070921986,60.665529010238906,82.56323441545509,66.59206877430117,50.46940745788008,79.00552486187846,48.74905231235785,,,,,,,,,,,,,,,,,,,,,,,,,,,,,,,,,,,,,,,,,
dreamgen/wizardlm27b,45.82984259542458,9.213113542615597,3.3232628398791544,4.921700223713646,7.528385416666667,18.44895094562648,63.225255972696246,83.40967934674369,61.7495141524373,57.01387287569661,73.48066298342542,43.59363153904473,,,,,,,,,,,,,,,,,,,,,,,,,,,,,,,,,,,,,,,,,
euclaise/remask3b,24.192697597929048,8.742082990875964,1.9637462235649543,2.2371364653243813,2.6617187500000004,3.969045508274229,43.77133105802048,75.70205138418642,41.8206680154999,42.12614658687614,66.37726913970008,27.14177407126612,,,,,,,,,,,,,,,,,,,,,,,,,,,,,,,,,,,,,,,,,
facebook/opt30b,24.52991396162183,3.4984293851759607,1.0574018126888218,2.572706935123044,4.185416666666667,1.8173758865248213,43.25938566552901,74.06891057558256,26.658730035291097,35.16382628474761,70.63930544593529,2.1986353297952994,,,,,,,,,,,,,,,,,,,,,,,,,,,,,,,,,,,,,,,,,
failspy/llama38binstructabliterated,59.08888416069362,18.86459884908717,3.8519637462235647,3.467561521252797,10.514583333333334,19.35394503546099,51.4505119453925,73.96932881896036,56.16208773383521,47.90270881395933,71.42857142857143,41.47081122062168,,,,,,,,,,,,,,,,,,,,,,,,,,,,,,,,,,,,,,,,,
failspy/metallama38binstructabliteratedv3,72.44533393617823,27.3350514750733,9.59214501510574,1.9015659955257265,2.8401041666666664,29.484338061465724,61.60409556313993,78.35092611033659,66.67335466654922,52.44229409243473,74.5067087608524,70.05307050796058,,,,,,,,,,,,,,,,,,,,,,,,,,,,,,,,,,,,,,,,,
failspy/phi3medium4kinstructabliteratedv3,63.19299458769399,46.73283933573803,15.93655589123867,8.948545861297541,18.51875,37.77703900709219,65.44368600682594,85.07269468233419,75.51881269903184,49.98050541222228,72.8492501973165,71.87263078089462,,,,,,,,,,,,,,,,,,,,,,,,,,,,,,,,,,,,,,,,,
failspy/llama370binstructabliterated,80.23389052159382,48.93981832466943,24.3202416918429,5.257270693512303,10.528385416666673,46.06050531914893,72.01365187713311,86.01872137024496,79.96507109283073,63.14647570682692,83.10970797158642,85.29188779378318,,,,,,,,,,,,,,,,,,,,,,,,,,,,,,,,,,,,,,,,,
fblgit/unasimplesmaug34bv1beta,45.56255180698325,32.775788922324494,7.175226586102719,8.948545861297541,11.961979166666667,39.328457446808514,74.57337883959045,86.73571001792472,76.68248958972991,70.16557407771556,83.82004735595896,72.47915087187263,,,,,,,,,,,,,,,,,,,,,,,,,,,,,,,,,,,,,,,,,
fblgit/unathebeagle7bv1,36.887236975669,30.173396964633465,7.7039274924471295,4.586129753914992,16.088020833333328,22.43831264775413,73.03754266211604,88.00039832702649,63.4785766077129,69.85165460742502,82.16258879242304,66.71721000758151,,,,,,,,,,,,,,,,,,,,,,,,,,,,,,,,,,,,,,,,,
fblgit/unathepitbull214bv2,37.90387283518841,46.78807384004312,12.16012084592145,6.935123042505594,6.420833333333333,27.95138888888889,77.73037542662115,91.7944632543318,68.25147296719946,78.24203996391248,87.37174427782163,63.53297952994693,,,,,,,,,,,,,,,,,,,,,,,,,,,,,,,,,,,,,,,,,
fblgit/juanako7buna,48.37276204914072,30.415072015961297,3.3987915407854987,6.152125279642054,17.162499999999994,19.67715721040189,68.1740614334471,85.3415654252141,62.46972340765405,65.13429563100557,78.84767166535123,44.806671721000754,,,,,,,,,,,,,,,,,,,,,,,,,,,,,,,,,,,,,,,,,
fblgit/unacybertron7bv2bf16,47.37108649494452,14.966964848379982,4.078549848942599,6.375838926174497,14.482031250000004,16.02947695035461,68.25938566552901,85.84943238398725,63.23409747684522,64.63228261166421,80.97868981846882,55.04169825625473,,,,,,,,,,,,,,,,,,,,,,,,,,,,,,,,,,,,,,,,,
flammenai/mahou12allama38b,50.925655039739,28.97258765529244,8.38368580060423,5.145413870246088,6.016666666666668,31.303560874704488,68.85665529010238,83.96733718382792,68.51508335198929,58.76102525546816,77.5848460931334,71.1144806671721,,,,,,,,,,,,,,,,,,,,,,,,,,,,,,,,,,,,,,,,,
flammenai/mahou12amistral7b,45.52010886669592,31.166750037107487,6.873111782477341,2.9082774049217,6.969791666666668,24.03590425531915,68.77133105802048,88.13981278629755,64.73448136406115,68.70829444197815,80.11049723756905,63.60879454131918,,,,,,,,,,,,,,,,,,,,,,,,,,,,,,,,,,,,,,,,,
freewheelin/freeevoqwen72bv08re,53.30866545211151,45.31740264996691,18.051359516616312,14.205816554809845,20.962499999999995,43.00384160756501,79.86348122866895,91.33638717386977,77.9998386030675,74.84632161965185,87.7663772691397,75.89082638362396,,,,,,,,,,,,,,,,,,,,,,,,,,,,,,,,,,,,,,,,,
gemma117bit,50.391073462856326,15.93420938501317,4.909365558912387,5.8165548098434,11.510937500000002,17.5993646572104,60.068259385665534,76.14021111332404,60.91642429212937,50.74425172130677,69.6921862667719,42.98711144806672,1174.7626827501915,1215.3728858354016,1146.4374223393695,1205.951749805664,1039.3429815698487,1165.82871842155,1178.7212934700965,1153.7329914493444,1191.3651572010633,1205.794521721251,1174.9301444922658,1148.4091865787518,1212.3340565614294,1196.7358489563258,1156.4691592339454,1217.5154758793929,1213.4568143886495,1149.75200337008,1150.390663517867,1049.9183512000134,1094.3606463490871,1163.0360507611408,1156.8665346934797,1123.6803888394772,1179.5672382403068,1134.183699254956,1152.0271602614612,,,,,,,,,,,,,,
gemma2b,20.375825033134305,8.246263426638125,3.0211480362537766,0.6711409395973182,7.555989583333336,4.061391843971631,48.4641638225256,71.64907388966341,41.67924928069864,33.12517623783405,66.77190213101815,17.36163760424564,,,,,,,,,,,,,,,,,,,,,,,,,,,,,,,,,,,,,,,,,
gemma2bit,26.9029508371122,5.214303022163619,2.0392749244713,3.803131991051453,3.0322916666666675,3.9228723404255295,43.9419795221843,62.69667396932882,37.64818682829159,45.82377104847176,60.93133385951065,5.458680818802123,1100.5155143849197,1135.043566086462,1075.6765895019173,1116.892370096071,903.2441369750044,,,,1109.8678166333862,1112.3014666005502,1105.3637227114752,1066.0785388579543,1141.7086159933035,1077.6952918194302,1070.2534633408286,1096.2861825616244,1130.167909498564,1054.2047372304023,1064.284264695843,,,1080.9113290259447,1067.1177154282664,1034.160406111058,1090.8197568100113,1026.401072344855,,,,,,,,,,,,,,,
gemma7b,26.59321710838353,21.11609932329174,7.401812688821751,4.921700223713646,10.979947916666667,21.644134160756497,61.09215017064847,82.20474009161521,64.5598699571695,44.78696073933644,79.00552486187846,50.87187263078089,,,,,,,,,,,,,,,,,,,,,,,,,,,,,,,,,,,,,,,,,
gemma7bit,38.68324933398937,11.940832085290182,2.9456193353474323,4.586129753914992,12.528385416666667,7.7183067375886525,51.4505119453925,71.95777733519219,53.5170310018511,47.291150235086526,67.95580110497238,29.18877937831691,1136.323323692081,1166.2647365315656,1098.908682431098,1165.7209609897377,974.9424611622673,1114.143089887667,1132.8333508498454,,1151.9652218609358,1166.7175384810473,1127.0850492935415,1088.155997263399,1159.378040638539,1139.7865144523275,1118.2990092683494,1162.65522748617,1165.4214838797816,1101.7627875621172,1099.3967009071632,,,1108.558310118279,1115.0661113053784,1040.9983626731496,1135.2449071567698,1075.2833893995737,,,,,,,,,,,,,,,
recurrentgemma2bit,29.493299999556733,7.978763840391559,1.9637462235649543,0.4474272930648763,3.624479166666668,4.467715721040189,30.97269624573379,56.26369249153556,40.86948703219191,42.805846917871385,64.16732438831886,10.083396512509475,,,,,,,,,,,,,,,,,,,,,,,,,,,,,,,,,,,,,,,,,
gpt2,19.34168007553292,2.714297847387736,0.3021148036253776,1.342281879194629,12.985416666666667,1.6603871158392434,22.013651877133107,31.52758414658435,25.83371780486033,40.691164003766126,50.43409629044988,0.6823351023502654,,,,,,,,,,,,,,,,,,,,,,,,,,,,,,,,,,,,,,,,,
gradientai/llama38binstructgradient1048k,44.55588948434598,21.01052898715872,5.362537764350453,3.691275167785232,13.518749999999995,21.56102245862884,54.436860068259385,76.76757618004382,61.917687321536896,49.26225080651649,72.29676400947119,44.35178165276725,,,,,,,,,,,,,,,,,,,,,,,,,,,,,,,,,,,,,,,,,
h2oai/h2odanube18bchat,21.98699450790569,5.269859154260847,1.3595166163141994,0.5592841163310973,9.058072916666662,3.4888445626477527,41.12627986348123,68.06413065126469,33.40574679221924,41.63724829919111,65.35122336227307,17.36163760424564,,,,,,,,,,,,,,,,,,,,,,,,,,,,,,,,,,,,,,,,,
huggyllama/llama13b,24.10526292459563,16.145707376925767,2.0392749244713,0.6711409395973182,2.8106770833333345,10.581043144208037,56.14334470989761,80.92013543118901,47.6105883021701,39.47888264167134,76.24309392265194,7.58150113722517,,,,,,,,,,,,,,,,,,,,,,,,,,,,,,,,,,,,,,,,,
huggyllama/llama65b,25.259311958935623,25.254277114598622,3.096676737160121,3.467561521252797,1.9656249999999984,23.084736997635936,63.48122866894198,86.0884285998805,63.93064176395023,43.42876070583593,82.55722178374111,37.22517058377559,,,,,,,,,,,,,,,,,,,,,,,,,,,,,,,,,,,,,,,,,
huggyllama/llama7b,25.009530268576263,7.076660678102023,0.8308157099697886,0.3355704697986553,1.7578124999999991,3.4796099290780127,50.93856655290102,77.81318462457678,35.69330638795116,34.32793294414406,71.42857142857143,8.03639120545868,,,,,,,,,,,,,,,,,,,,,,,,,,,,,,,,,,,,,,,,,
iryanbell/arc1,44.1112913735555,26.56449513263172,6.873111782477341,5.92841163310962,8.148177083333335,26.34456264775413,58.78839590443686,76.40908185620394,65.73466413816394,52.73396614269501,76.63772691397,69.82562547384383,,,,,,,,,,,,,,,,,,,,,,,,,,,,,,,,,,,,,,,,,
ibivibiv/multimaster7bv6,44.73075883101282,32.40128043389345,5.589123867069486,7.158836689038028,13.379947916666673,23.278664302600472,72.7815699658703,88.76717785301733,64.7358726676766,70.88632501804778,86.42462509865825,70.35633055344958,,,,,,,,,,,,,,,,,,,,,,,,,,,,,,,,,,,,,,,,,
ibm/merlinite7b,24.98703440205322,29.97724776968684,2.416918429003021,6.263982102908276,13.877864583333334,22.9831560283688,63.651877133105806,84.51503684524995,64.90605869704184,50.14708864565086,79.71586424625099,41.09173616376042,,,,,,,,,,,,,,,,,,,,,,,,,,,,,,,,,,,,,,,,,
internlm/internlm27b,22.803680981595093,40.27619825708061,8.571428571428571,11.555555555555555,14.333333333333329,10.0,58.02047781569966,81.23879705238001,65.24284758806714,48.72683928592292,83.82004735595896,63.00227445034117,,,,,,,,,,,,,,,,,,,,,,,,,,,,,,,,,,,,,,,,,
jebcarter/psyoniccetacean20b,25.43661928128477,27.843060379681305,1.812688821752266,3.1319910514541416,16.897656249999997,20.951536643026003,63.56655290102389,86.19796853216491,59.66372967766381,57.54737295645932,78.13733228097868,14.70811220621683,,,,,,,,,,,,,,,,,,,,,,,,,,,,,,,,,,,,,,,,,
kaistai/mistralorpocapybara7k,53.6733644507684,23.434359116276923,3.927492447129909,4.809843400447425,7.57760416666667,21.90270390070922,63.48122866894198,85.3415654252141,63.41325821309785,45.97690621094755,79.55801104972376,42.380591357088704,,,,,,,,,,,,,,,,,,,,,,,,,,,,,,,,,,,,,,,,,
kevin009/llamaragdrama,25.98372318780835,16.637813694151937,4.305135951661631,1.9015659955257265,12.113281250000002,19.15078309692672,72.01365187713311,88.82692690699065,64.49772512555036,70.23726347025372,86.66140489344909,65.65579984836998,,,,,,,,,,,,,,,,,,,,,,,,,,,,,,,,,,,,,,,,,
langgptai/qwen157bchatsav01,42.67742922113326,20.302342129934097,3.0211480362537766,8.277404921700223,3.0598958333333326,22.14280437352246,54.35153583617748,76.79745070703046,61.30907244018474,50.16672680458616,69.7711128650355,19.863532979529943,,,,,,,,,,,,,,,,,,,,,,,,,,,,,,,,,,,,,,,,,
lightblue/suzumellama38bmultilingual,66.78003253589365,28.895092037237777,9.441087613293051,4.4742729306487705,7.844270833333335,26.48308215130024,60.75085324232082,79.48615813582953,66.61584141486439,48.701349926756855,76.16416732438832,61.56178923426838,,,,,,,,,,,,,,,,,,,,,,,,,,,,,,,,,,,,,,,,,
lmsys/vicuna13bv13,33.43506340953115,7.48978931162921,1.4350453172205435,2.348993288590602,4.091145833333333,13.813164893617024,54.60750853242321,80.41226847241585,52.87767261667352,52.138218817076,74.82241515390686,10.765731614859742,,,,,,,,,,,,,,,,,,,,,,,,,,,,,,,,,,,,,,,,,
lmsys/vicuna7bv15,23.515716077784724,15.15250931284372,1.3595166163141994,1.1185682326621946,11.42265625,12.741947399527188,53.24232081911264,77.3949412467636,51.0374490166073,50.338081562220594,72.13891081294396,8.188021228203183,,,,,,,,,,,,,,,,,,,,,,,,,,,,,,,,,,,,,,,,,
meragpt/meramix4x7b,48.317796779212486,17.48643895465503,5.362537764350453,7.270693512304249,9.273697916666668,19.418587470449168,72.95221843003414,89.16550487950607,64.43645495701692,77.168306520371,85.6353591160221,66.11068991660348,,,,,,,,,,,,,,,,,,,,,,,,,,,,,,,,,,,,,,,,,
llama213bhf,24.82468738502728,17.222559825058127,1.5105740181268883,4.138702460850116,3.385416666666666,15.309175531914892,59.38566552901023,82.12507468631746,55.77103633323489,37.37526447394458,76.63772691397,22.82031842304776,,,,,,,,,,,,,,,,,,,,,,,,,,,,,,,,,,,,,,,,,
llama270bchathf,49.57922756065019,4.613767082590614,2.9456193353474323,1.9015659955257265,3.483333333333336,15.918661347517732,64.59044368600682,85.87930691097391,63.90701952816292,52.80473232260097,80.50513022888714,26.686884003032603,,,,,,,,,,,,,,,,,,,,,,,,,,,,,,,,,,,,,,,,92.66169154228857,74.11120112901445
llama270bhf,24.06780675274937,35.900061863721675,3.2477341389728096,7.046979865771815,9.777604166666668,30.1954048463357,67.32081911262799,87.33320055765785,69.83208921288625,44.92349372188736,83.74112075769534,54.05610310841546,,,,,,,,,,,,,,,,,,,,,,,,,,,,,,,,,,,,,,,,,
llama27bchathf,39.86478100329349,4.459171645959485,1.9637462235649543,0.4474272930648763,3.27734375,7.644429669030731,52.90102389078498,78.55008962358096,48.318825530104384,45.570370195101134,71.74427782162589,7.354056103108415,,,,,,,,,,,,,,,,,,,,,,,,,,,,,,,,,,,,,,,,71.36645962732919,29.29429740470164
llama27bhf,25.18938638368418,10.35141665784897,1.7371601208459215,2.2371364653243813,3.7578125,9.56523345153664,53.07167235494881,78.58992232622984,46.866075004498,38.75703155565465,74.03314917127072,14.480667172100077,,,,,,,,,,,,,,,,,,,,,,,,,,,,,,,,,,,,,,,,,
metallama370b,16.031906452656727,48.709812647505885,18.580060422960727,19.686800894854585,16.011197916666664,41.21232269503546,68.77133105802048,87.98048197570205,79.23293386179718,45.562368201500895,85.31965272296765,76.87642153146324,,,,,,,,,,,,,,,,,,,,,,,,,,,,,,,,,,,,,,,,,
metallama370binstruct,80.99077115387172,50.18513318440344,24.47129909365559,4.921700223713646,10.92057291666667,46.74386820330969,71.41638225255973,85.69010157339176,80.05922317995427,61.8101503499271,82.87292817679558,85.44351781652767,,,,,,,,,,,,,,,,,,,,,,,,,,,,,,,,,,,,,,,,,
metallama38b,14.550614591506092,24.50076379676797,4.531722054380665,7.38255033557047,6.242447916666666,24.553043735224584,60.23890784982935,82.23461461860188,66.70480406193239,42.92576615061722,78.45303867403315,45.185746777862015,,,,,,,,,,,,,,,,,,,,,,,,,,,,,,,,,,,,,,,,,
metallama38binstruct,74.08398604591373,28.24494957634361,8.685800604229607,1.230425055928408,1.602864583333335,29.604388297872337,60.75085324232082,78.55008962358096,67.0721995784583,51.64972283615512,74.5067087608524,68.68840030326004,,,,,,,,,,,,,,,,,,,,,,,,,,,,,,,,,,,,,,,,,
orca213b,31.27933882099496,27.30801949994257,3.1722054380664653,4.026845637583895,25.787760416666668,19.437056737588648,60.665529010238906,79.81477793268273,60.37069885710225,56.410817476843455,76.63772691397,17.968157695223656,,,,,,,,,,,,,,,,,,,,,,,,,,,,,,,,,,,,,,,,,
orca27b,21.83462102776189,22.429468402818458,1.9637462235649543,1.45413870246085,24.093489583333326,14.653516548463358,54.09556313993175,76.19000199163514,56.371153419443566,52.44663206388774,73.48066298342542,14.70811220621683,,,,,,,,,,,,,,,,,,,,,,,,,,,,,,,,,,,,,,,,,
phi3medium128kinstruct,60.400293443618494,48.46045127399018,19.18429003021148,11.521252796420578,11.351822916666665,41.24002659574468,66.46757679180887,84.85361481776539,76.67858514818946,54.51580337637627,74.4277821625888,81.04624715693708,,,,,,,,,,,,,,,,,,,,,,,,,,,,,,,,,,,,,,,,,
phi3medium4kinstruct,64.22713954529537,49.38061007422016,19.561933534743204,11.521252796420578,13.052083333333334,40.84293735224587,67.32081911262799,85.75980880302728,77.83091143434687,57.710066381815,72.69139700078927,79.37831690674754,1200.844154267424,1228.3208729962985,1149.2927027321482,1228.8167695586226,1064.2436238785217,1200.4773709582691,1189.9309290840142,1169.859685448213,1210.7033459653294,1226.9277523936612,1181.7757464963752,1134.8972304200158,1214.1677242286055,1225.952582167823,1222.770845954169,1222.3780913148937,1220.2925900856037,1171.3196642642224,1173.5011945199017,1115.5228740738728,1030.1224161652133,1187.5021991448466,1214.2280539786248,1138.3657566212614,1196.7693099331768,1192.4715625228082,1163.6867834652812,,,,91.0,,,,,,,,91.0,,
phi3mini128kinstruct,59.76331688807919,37.09976663224031,14.04833836858006,9.060402684563762,7.710937500000003,30.38009751773049,63.13993174061433,80.09360685122485,68.70399293043886,54.116385902471066,72.8492501973165,69.52236542835482,1124.5357836435287,1151.5448582113204,1084.3599256283376,1161.40797636074,955.156912251435,1092.3211215014428,1136.3272959151304,1092.4166275400075,1128.1010444638382,1150.6324365945743,1102.228579343943,1084.577546084697,1119.6740549194665,1140.771076863059,1139.5407486432746,1134.954714157184,1140.2013473460952,1096.5721708603207,1095.3056483930582,980.5196047766152,940.9283560898408,1069.0495735047266,1137.2490761247475,1056.7400792498086,1127.9628962437805,1061.849408092556,1143.8980439690663,,,,,,,,,,,,,,
phi3mini4kinstruct,56.12884923115112,39.2693352377728,11.63141993957704,9.284116331096197,7.644270833333336,31.848404255319146,62.96928327645052,80.601473809998,69.08301379498349,59.87540792786356,72.37569060773481,74.52615617892343,1111.7390217082864,1184.7906323203863,1073.2450079194514,1171.0703727710843,949.609190130228,1135.6202079626362,1151.9289786365623,1109.9236621934492,1151.215296657476,1175.9118746276,1114.6156294913624,1067.999445486052,1156.1038205943914,1148.0280822883376,1153.0096175200274,1134.6042659921602,1161.9789666605243,1091.5941791668488,1109.7717784570957,999.8512066271046,971.3499147472176,1105.1690603445404,1148.9128129919227,1063.5040800740078,1127.2053299044055,1066.6201077755647,1142.7370442675306,,,,85.7,,,,,,,,85.7,,
phi15,20.32839532440591,7.468938770070243,1.812688821752266,2.348993288590602,3.385416666666666,7.681368203309693,52.90102389078498,63.79207329217288,43.88646778419788,40.88993856119402,72.21783741120757,12.43366186504928,,,,,,,,,,,,,,,,,,,,,,,,,,,,,,,,,,,,,,,,,
phi2,27.3875539125077,28.038519293439304,2.9456193353474323,2.9082774049217,13.83697916666666,18.088800236406616,61.09215017064847,75.11451902011551,58.1123279817493,44.46839625467275,74.34885556432518,54.81425322213799,,,,,,,,,,,,,,,,,,,,,,,,,,,,,,,,,,,,,,,,30.663329161451813,29.81920417817079
migtissera/llama38bsynthiav35,50.69582042314393,27.54233943005765,6.570996978851963,2.9082774049217,9.414843749999996,22.55836288416076,61.51877133105802,80.94005178251345,65.02307960757156,54.59665990663398,77.82162588792423,63.00227445034117,,,,,,,,,,,,,,,,,,,,,,,,,,,,,,,,,,,,,,,,,
mistralcommunity/mistral7bv02,22.663976028050016,23.9508653830296,3.0211480362537766,5.592841163310966,8.363802083333333,21.699541962174944,60.665529010238906,83.01135232025493,63.689429588238426,41.79195868019222,78.37411207576953,34.950720242608035,,,,,,,,,,,,,,,,,,,,,,,,,,,,,,,,,,,,,,,,,
mistralcommunity/mixtral8x22bv01,31.665644171779142,12.647903050108935,15.428571428571429,10.666666666666668,1.666666666666666,28.888888888888893,70.4778156996587,88.72734515036845,77.81279692967885,51.08062819806165,84.5303867403315,74.14708112206216,,,,,,,,,,,,,,,,,,,,,,,,,,,,,,,,,,,,,,,,,
mistral7binstructv02,54.96227786717022,22.910601936713604,3.0211480362537766,3.467561521252797,7.608854166666667,19.0769060283688,63.13993174061433,84.88348934475204,60.778011275770005,68.25629969752946,77.1902131018153,40.0303260045489,1100.4105098331745,1182.7476336873494,1103.813160485971,1188.3922958390117,999.136044073753,1134.986270471189,1120.478338787411,1051.7001654072617,1154.29140230868,1173.2574893960382,1133.280906637012,1108.06609611267,1186.5034513534124,1174.3255414249486,1133.122337811065,1181.772225524162,1175.7693616770166,1112.0549405779782,1119.387429615908,942.8974839795492,,1131.1542957407428,1125.8825967818757,1111.7076708363709,1148.3425086558373,1085.048293978584,1095.2827695587007,,,,,,,,,,,,,92.77708592777088,82.98089782565651
mistral7bv01,23.855481234236272,22.0182553990746,2.9456193353474323,5.592841163310966,10.675520833333335,22.36443557919621,59.98293515358362,83.31009759012149,64.16448378492244,42.15317106968115,78.37411207576953,37.8316906747536,,,,,,,,,,,,,,,,,,,,,,,,,,,,,,,,,,,,,,,,,
mistral7bv03,22.663976028050016,24.03725427191849,3.0211480362537766,5.592841163310966,8.363802083333333,21.699541962174944,60.49488054607508,82.99143596893049,63.46289361741425,41.79464876493265,78.45303867403315,34.495830174374525,,,,,,,,,,,,,,,,,,,,,,,,,,,,,,,,,,,,,,,,,
mixtral8x22binstructv01,71.83584001560305,44.11434558724835,18.731117824773413,16.442953020134222,13.489322916666664,38.70050236406619,72.6962457337884,89.07588129854611,77.77368323474285,68.14472163688716,85.1617995264404,82.03184230477635,1210.2062692840975,1274.3399671206682,1189.5885448964302,1251.3620879959276,1120.5927081006469,1212.668985340637,1259.5392076780658,1218.3199038765074,1241.4951770010348,1253.2237657604603,1214.74387461496,1200.6310058626682,1258.1666350476908,1252.502187899985,1228.3071352158538,1242.9770409014918,1253.5643897423754,1207.5583976370408,1210.8770485466555,1109.158229519221,1143.4062254418009,1214.7210927552974,1226.6939494340304,1187.1071128251751,1228.2082074417872,1222.2674784839996,1226.0917200676763,,,,,,,,,,,,,,
mixtral8x22bv01,25.82636293922349,45.58840384342722,18.35347432024169,16.778523489932887,7.462239583333335,40.4366134751773,70.64846416382252,88.73730332603067,77.79499653225467,50.95160399804991,85.00394632991318,73.69219105382867,,,,,,,,,,,,,,,,,,,,,,,,,,,,,,,,,,,,,,,,,
mixtral8x7binstructv01,55.991436056330535,29.74239838096733,9.138972809667674,7.046979865771815,11.073697916666667,29.90913120567376,70.22184300341297,87.63194582752439,71.16228271617086,64.5771015224494,81.3733228097869,60.72782410917361,1153.5892748828942,1236.4412518719985,1158.476481865395,1228.551873633483,1070.380105689807,1191.3323033247789,1245.5036016167546,1187.3231871916448,1208.8284295283966,1226.4355287969795,1181.3104537127983,1165.1374357238103,1227.3828766555846,1216.8260499635126,1192.4790290645376,1213.8590645852428,1224.1109871679878,1168.8282754271102,1176.1022852183128,1002.4296995191723,1063.3600812909883,1179.1314147197263,1189.4909717044316,1165.9193492352383,1195.8935004583857,1157.6717968384824,1174.6568728458558,,,,,,,,,,,,,94.78260869565216,82.59666180688257
mixtral8x7bv01,24.152692633324023,30.294194918961484,10.196374622356496,8.501118568232664,12.58359375,31.663711583924343,66.04095563139933,86.48675562636924,71.81543655466032,46.78305602358693,81.9258089976322,57.4677786201668,,,,,,,,,,,,,,,,,,,,,,,,,,,,,,,,,,,,,,,,,
mlabonne/daredevil8babliterated,44.2636648536993,19.865777111108127,9.441087613293051,5.369127516778524,9.17760416666667,30.010712174940902,68.60068259385666,84.3855805616411,68.98709897913041,57.87381461620317,77.90055248618785,73.1614859742229,,,,,,,,,,,,,,,,,,,,,,,,,,,,,,,,,,,,,,,,,
mlabonne/orpollama38b,36.52752474545318,21.95410762879941,5.589123867069486,3.9149888143176734,4.008854166666668,18.94762115839244,59.129692832764505,82.41386178052181,65.76439370548329,52.39701912128801,78.29518547750592,45.94389689158454,,,,,,,,,,,,,,,,,,,,,,,,,,,,,,,,,,,,,,,,,
mmnga/llama370bjapanesesuzumevectorv01,46.48931501748693,50.02266053282724,23.26283987915408,4.809843400447425,10.757812500000002,46.93779550827424,72.35494880546075,85.80959968133838,80.28210351067557,62.925189576345616,82.79400157853196,87.41470811220621,,,,,,,,,,,,,,,,,,,,,,,,,,,,,,,,,,,,,,,,,
mosaicml/mpt7b,21.51990053059216,6.550600790794161,1.5861027190332326,1.342281879194629,2.904947916666668,2.288342198581559,47.6962457337884,77.57418840868353,30.79532542538572,33.43672150348059,72.13891081294396,4.01819560272934,,,,,,,,,,,,,,,,,,,,,,,,,,,,,,,,,,,,,,,,,
nbeerbower/llama3gutenberg8b,43.71910973993448,27.958132724191334,7.854984894259818,6.823266219239373,10.04609375,31.451315011820324,71.33105802047781,86.46683927504482,68.57453059989965,63.5788912239458,79.16337805840568,69.97725549658831,,,,,,,,,,,,,,,,,,,,,,,,,,,,,,,,,,,,,,,,,
netcat420/mfann3b,25.244351653612416,22.23921095390767,2.190332326283988,5.592841163310966,6.142187500000003,14.505762411347517,43.08873720136519,72.32622983469429,26.7358939532363,40.217642920993256,62.66771902131018,3.335860500379076,,,,,,,,,,,,,,,,,,,,,,,,,,,,,,,,,,,,,,,,,
oobabooga/codebooga34bv01,52.50180631834643,8.562465862636055,3.927492447129909,0.8948545861297527,12.977604166666673,15.106013593380617,55.2901023890785,77.60406293567019,54.40373046269977,48.12041979254295,71.90213101815311,37.22517058377559,,,,,,,,,,,,,,,,,,,,,,,,,,,,,,,,,,,,,,,,,
openaicommunity/gpt2,17.925327021192658,2.674981367986987,0.2265861027190332,1.1185682326621946,15.348177083333336,1.7712027186761226,22.013651877133107,31.52758414658435,25.83371780486033,40.691164003766126,50.43409629044988,0.6823351023502654,,,,,,,,,,,,,,,,,,,,,,,,,,,,,,,,,,,,,,,,,
openaicommunity/gpt2large,20.47822001179094,3.2537905449787403,1.2084592145015105,1.230425055928408,5.658072916666665,1.5772754137115832,25.7679180887372,45.618402708623776,26.067403063531568,38.71845203558661,55.406471981057614,0.8339651250947688,,,,,,,,,,,,,,,,,,,,,,,,,,,,,,,,,,,,,,,,,
openchat/openchat350106,59.66590867786363,24.03871121391158,7.628398791540786,7.718120805369126,11.746354166666668,25.458037825059098,66.04095563139933,82.93168691495718,65.03521927528267,51.89602568049448,81.76795580110497,68.15769522365429,,,,,,,,,,,,,,,,,,,,,,,,,,,,,,,,,,,,,,,,,
openchat/openchat351210,60.3678240402133,23.236296582166464,7.854984894259818,6.823266219239373,14.279687500000003,23.805038416075647,64.93174061433447,84.92332204740092,64.62163338646481,52.14604840999885,80.74191002367797,65.95905989385898,,,,,,,,,,,,,,,,,,,,,,,,,,,,,,,,,,,,,,,,,
openchat/openchat368b20240522,53.43355629729119,33.23293691836929,9.969788519637463,9.060402684563762,8.181770833333333,24.765440307328607,62.45733788395904,80.8603863772157,66.55794977263308,48.42329290802349,78.76874506708761,71.79681576952237,,,,,,,,,,,,,,,,,,,,,,,,,,,,,,,,,,,,,,,,,
openchat/openchat35,59.31118321608887,21.58216684769999,7.250755287009064,6.487695749440718,11.258072916666668,23.92508865248227,63.82252559726962,84.80382393945429,64.97554013321405,46.39284717308729,80.74191002367797,26.611068991660343,,,,,,,,,,,,,,,,,,,,,,,,,,,,,,,,,,,,,,,,,
openchat/openchatv32,29.805582521044165,20.32300299720885,1.283987915407855,2.684563758389265,13.103125,15.79861111111111,59.47098976109216,82.60306711810397,56.82374600505175,44.50841867974621,76.08524072612471,13.419257012888552,,,,,,,,,,,,,,,,,,,,,,,,,,,,,,,,,,,,,,,,,
openchat/openchatv32super,28.61906408329898,19.15353958747753,2.114803625377644,1.9015659955257265,9.916927083333333,15.83554964539007,59.81228668941979,82.50348536148178,55.89931756667269,42.29870970896516,75.92738752959748,13.495072024260804,,,,,,,,,,,,,,,,,,,,,,,,,,,,,,,,,,,,,,,,,
pankajmathur/orcaminiv313b,28.96625398387389,25.549482064607844,2.114803625377644,2.0134228187919474,17.107291666666665,14.496527777777777,63.13993174061433,82.35411272654851,56.51926584610324,51.80548254049244,76.47987371744279,13.115996967399546,,,,,,,,,,,,,,,,,,,,,,,,,,,,,,,,,,,,,,,,,
pankajmathur/orcaminiv58b,48.06047952765329,29.34579501072649,9.894259818731117,4.921700223713646,7.701302083333336,23.066267730496453,60.92150170648464,81.7765385381398,64.96961370200862,55.04012108495445,73.4017363851618,67.55117513267626,,,,,,,,,,,,,,,,,,,,,,,,,,,,,,,,,,,,,,,,,
pankajmathur/orcaminiv58bdpo,48.964746871633935,29.60537298923376,9.743202416918429,3.243847874720355,6.938541666666667,23.50953014184397,61.86006825938567,82.35411272654851,65.10224040883506,56.24344068540762,73.4017363851618,67.70280515542078,,,,,,,,,,,,,,,,,,,,,,,,,,,,,,,,,,,,,,,,,
pankajmathur/orcaminiv58borpo,8.243239050164673,27.87762825685837,6.646525679758309,4.586129753914992,8.973958333333334,21.63489952718676,57.08191126279864,79.93427604062936,64.66835481059377,53.43553404709429,74.82241515390686,65.95905989385898,,,,,,,,,,,,,,,,,,,,,,,,,,,,,,,,,,,,,,,,,
princetonnlp/shearedllama27b,24.16521496296493,5.655521329938437,1.283987915407855,3.355704697986576,2.091145833333335,2.0759456264775418,41.72354948805461,71.01175064728142,26.92207173595656,37.31973860489982,67.008681925809,1.061410159211524,,,,,,,,,,,,,,,,,,,,,,,,,,,,,,,,,,,,,,,,,
pszemraj/mistralv036b,24.537449522821667,13.51509134454944,1.3595166163141994,2.0134228187919474,6.613020833333334,12.695774231678486,45.136518771331055,71.64907388966341,51.82821297989732,45.6366398925564,72.77032359905287,8.33965125094769,,,,,,,,,,,,,,,,,,,,,,,,,,,,,,,,,,,,,,,,,
refuelai/llama3refueled,46.19952836252256,41.72197100339103,6.646525679758309,6.599552572706939,14.642447916666669,23.278664302600472,54.60750853242321,79.03804023102967,64.73176939664393,41.76573601256108,80.11049723756905,61.48597422289613,,,,,,,,,,,,,,,,,,,,,,,,,,,,,,,,,,,,,,,,,
rhysjones/phi2orangev2,36.69740732367895,25.60654883732465,4.078549848942599,1.5659955257270708,6.969791666666668,17.026817375886523,61.86006825938567,76.31945827524397,55.71621425036779,54.84325985087112,75.69060773480662,57.619408642911296,,,,,,,,,,,,,,,,,,,,,,,,,,,,,,,,,,,,,,,,,
rwitz/gobruinsv2,40.958877999264175,12.69326018768569,6.722054380664652,1.6778523489932915,10.985416666666664,19.56634160756501,69.7952218430034,87.06432981477793,64.9453712796834,59.67708980503138,81.21546961325967,68.99166034874905,,,,,,,,,,,,,,,,,,,,,,,,,,,,,,,,,,,,,,,,,
saltlux/luxia214balignmentv10,36.92967991595633,48.02111296160791,9.743202416918429,6.823266219239373,12.50546875,26.70471335697399,77.73037542662115,91.82433778131846,68.04708244638718,79.20184341773266,87.37174427782163,62.244124336618654,,,,,,,,,,,,,,,,,,,,,,,,,,,,,,,,,,,,,,,,,
saltlux/luxia214balignmentv12,41.1536944196953,47.76916471884749,8.459214501510575,7.718120805369126,14.903645833333329,27.480422576832154,77.73037542662115,90.85839474208323,67.85937998728824,79.15511171320915,86.26677190213103,66.94465504169825,,,,,,,,,,,,,,,,,,,,,,,,,,,,,,,,,,,,,,,,,
sarvamai/openhathi7bhiv01base,18.0402443294902,7.645606515056556,0.8308157099697886,0.4474272930648763,5.030468750000002,6.03760342789598,49.48805460750853,74.33778131846246,41.38180402324895,37.462221164216,71.27071823204419,5.913570887035633,,,,,,,,,,,,,,,,,,,,,,,,,,,,,,,,,,,,,,,,,
scimwang/deepseekllm7bchatsav01,40.35935761557113,12.05197465522808,2.643504531722054,0.8948545861297527,9.864062499999998,13.434544917257682,55.54607508532423,79.3666600278829,52.443814201701976,46.860627279221376,76.95343330702447,49.12812736921911,,,,,,,,,,,,,,,,,,,,,,,,,,,,,,,,,,,,,,,,,
senseable/westlake7bv2,44.18620371724801,17.858141685089326,4.833836858006042,3.5794183445190177,7.481510416666669,19.60328014184397,73.03754266211604,88.6476797450707,64.71134745274016,67.06202401619532,86.97711128650354,67.62699014404852,,,,,,,,,,,,,,,,,,,,,,,,,,,,,,,,,,,,,,,,,
spmurrayzzz/mistralsyndicate7b,24.9595517670891,20.50625197041595,3.3987915407854987,3.467561521252797,13.619010416666669,18.125738770685576,60.83617747440273,82.91177056363274,60.82515919172029,43.707691900176535,78.61089187056038,44.50341167551175,,,,,,,,,,,,,,,,,,,,,,,,,,,,,,,,,,,,,,,,,
stabilityai/stablebeluga2,37.87140343178322,41.26326112722379,4.380664652567976,8.83668903803132,18.65442708333333,25.845892434988176,71.07508532423208,86.36725751842262,68.79488672335343,59.44080174826092,82.9518547750592,35.860500379075056,,,,,,,,,,,,,,,,,,,,,,,,,,,,,,,,,,,,,,,,,
stabilityai/stablelm212b,15.69214129620518,22.685797482043984,4.305135951661631,3.803131991051453,14.485677083333334,23.02009456264776,58.44709897610921,84.32583150766779,62.03992737460232,42.15964374437199,77.90055248618785,56.02729340409402,,,,,,,,,,,,,,,,,,,,,,,,,,,,,,,,,,,,,,,,,
stabilityai/stablelm212bchat,40.81647805600252,25.25369709081264,5.362537764350453,2.2371364653243813,7.728385416666669,19.27083333333333,64.84641638225256,85.95897231627167,61.05866061151978,62.01476275069401,78.53196527229677,57.84685367702805,,,,,,,,,,,,,,,,,,,,,,,,,,,,,,,,,,,,,,,,,
swapuniba/llamantino3anita8binstdpoita,48.15046299374548,27.990827697552746,4.833836858006042,6.487695749440718,13.242447916666665,30.26004728132387,74.57337883959045,92.7504481179048,66.8498558453034,75.92807034986255,82.00473559589582,58.605003790750565,,,,,,,,,,,,,,,,,,,,,,,,,,,,,,,,,,,,,,,,,
teknium/collectivecognitionv11mistral7b,27.9046263913084,23.47613361696592,3.096676737160121,4.921700223713646,5.732552083333332,20.40669326241135,62.116040955631405,84.1665006970723,62.34978587553916,57.62413893058237,75.37490134175216,35.860500379075056,,,,,,,,,,,,,,,,,,,,,,,,,,,,,,,,,,,,,,,,,
teknium/openhermes13b,26.68065178171696,18.21332824040884,1.2084592145015105,3.0201342281879207,8.532552083333334,15.438460401891252,59.81228668941979,82.24457279426409,56.34727779629169,46.01128217615408,75.45382794001578,11.599696739954512,,,,,,,,,,,,,,,,,,,,,,,,,,,,,,,,,,,,,,,,,
teknium/openhermes25mistral7b,55.71417173100706,27.77002636780757,5.060422960725076,4.4742729306487705,12.058072916666667,22.826167257683213,64.93174061433447,84.29595698068114,63.8216682847302,52.305641181006855,77.90055248618785,25.47384382107657,,,,,,,,,,,,,,,,,,,,,,,,,,,,,,,,,,,,,,,,,
teknium/openhermes7b,18.12513021006485,12.08139546207365,1.5861027190332326,2.572706935123044,12.681510416666669,10.368646572104018,56.14334470989761,78.32105158334993,48.617757574363246,44.995354312872166,74.5067087608524,5.003790750568612,,,,,,,,,,,,,,,,,,,,,,,,,,,,,,,,,,,,,,,,,
tenyx/llama3tenyxchat70b,80.87086707713311,49.61562001611543,23.56495468277945,6.823266219239373,12.520572916666667,46.780806737588655,72.09897610921502,86.20792670782713,80.04189304642976,62.85152072596175,82.9518547750592,86.27748294162244,,,,,,,,,,,,,,,,,,,,,,,,,,,,,,,,,,,,,,,,,
tiiuae/falcon11b,32.613243970442866,21.937999462890275,2.794561933534743,2.796420581655479,7.530729166666667,15.438460401891252,59.72696245733788,82.91177056363274,58.3670122238434,52.557798313979255,78.29518547750592,53.82865807429871,,,,,,,,,,,,,,,,,,,,,,,,,,,,,,,,,,,,,,,,,
tiiuae/falcon40b,24.96453853553017,16.583304730312175,1.812688821752266,3.1319910514541416,5.193229166666668,16.722074468085104,61.86006825938567,85.2818163712408,56.8938511726681,41.64662004404868,81.29439621152328,21.455648218347235,,,,,,,,,,,,,,,,,,,,,,,,,,,,,,,,,,,,,,,,,
togethercomputer/gptjt6bv1,20.61064641817045,7.318523965141613,1.0574018126888218,1.45413870246085,3.873697916666666,6.951832151300234,40.870307167235495,67.14797849034056,47.19018110516562,37.06994644681215,65.27229676400947,1.2130401819560273,,,,,,,,,,,,,,,,,,,,,,,,,,,,,,,,,,,,,,,,,
togethercomputer/llama27b32kinstruct,21.300039450879225,8.563469919446954,1.5861027190332326,0.2237136465324418,9.199218750000002,8.678708628841607,51.10921501706485,78.5102569209321,46.105045377255685,44.85615503174554,73.8752959747435,5.686125852918878,,,,,,,,,,,,,,,,,,,,,,,,,,,,,,,,,,,,,,,,,
togethercomputer/redpajamaincite7bbase,20.822971936683555,5.087242272916432,1.5861027190332326,0.6711409395973182,3.0166666666666657,2.186761229314421,46.2457337883959,71.62915753833897,27.68214018695477,33.03475420460559,67.32438831886346,3.032600454890068,,,,,,,,,,,,,,,,,,,,,,,,,,,,,,,,,,,,,,,,,
togethercomputer/redpajamaincite7bchat,15.57977278066641,4.502173664381199,0.6797583081570997,0.3355704697986553,1.86171875,1.3464095744680846,42.06484641638225,70.82254530969927,26.942822650634863,36.09497800541693,59.82636148382005,0.4548900682335102,,,,,,,,,,,,,,,,,,,,,,,,,,,,,,,,,,,,,,,,,
togethercomputer/redpajamaincite7binstruct,20.55069437980115,7.9054164937041635,2.114803625377644,0.1118568232662209,5.03046875,3.027112884160755,44.11262798634812,72.01752638916551,37.61836019303777,33.95728404754168,64.95659037095501,1.592115238817286,,,,,,,,,,,,,,,,,,,,,,,,,,,,,,,,,,,,,,,,,
unsloth/phi3mini4kinstruct,54.4027624480822,36.73247326561403,16.389728096676738,9.731543624161072,13.118749999999997,33.67686170212765,62.96928327645052,80.61143198566023,69.07627901480782,59.88391624622216,72.69139700078927,73.91963608794542,,,,,,,,,,,,,,,,,,,,,,,,,,,,,,,,,,,,,,,,,
upstage/solar107binstructv10,47.36609972650345,31.87240188800212,5.664652567975831,7.829977628635347,6.942187500000002,23.758865248226947,71.07508532423208,88.159729137622,66.21064893071143,71.42943510205136,83.58326756116811,64.74601971190296,,,,,,,,,,,,,,,,,,,,,,,,,,,,,,,,,,,,,,,,,
upstage/solar107bv10,24.21264467169333,29.78935808901913,2.643504531722054,4.138702460850116,13.67786458333333,26.66777482269504,61.94539249146758,84.60466042620992,65.47877433224612,45.03940613910581,83.66219415943172,55.49658832448825,,,,,,,,,,,,,,,,,,,,,,,,,,,,,,,,,,,,,,,,,
uukuguy/speechlesscodemistral7bv10,36.652415590632856,24.091412067845624,5.211480362537765,4.586129753914992,14.772135416666666,23.841976950354614,60.580204778157,83.74825731925911,62.984648484196505,47.89607258136594,78.68981846882399,19.18119787717968,,,,,,,,,,,,,,,,,,,,,,,,,,,,,,,,,,,,,,,,,
uukuguy/speechlesscodellama34bv20,46.04216811393768,25.99329326784064,4.305135951661631,2.572706935123052,7.205208333333334,17.137632978723403,54.35153583617748,75.65226050587532,54.67239691268575,45.211730267295,73.55958958168904,11.599696739954512,,,,,,,,,,,,,,,,,,,,,,,,,,,,,,,,,,,,,,,,,
uukuguy/speechlesscoderds67b,25.04698644042252,15.897457343156352,2.114803625377644,1.9015659955257265,5.3421875000000005,7.986111111111111,36.86006825938566,52.45966938856802,38.08453866930071,41.673027889757904,58.87924230465666,18.72630780894617,,,,,,,,,,,,,,,,,,,,,,,,,,,,,,,,,,,,,,,,,
uukuguy/speechlessinstructmistral7bv02,32.613243970442866,24.558747365322688,4.909365558912387,4.250559284116329,21.172135416666663,21.1362293144208,58.78839590443686,81.88607847042422,61.26529202568667,49.85475862893702,78.2162588792423,56.33055344958302,,,,,,,,,,,,,,,,,,,,,,,,,,,,,,,,,,,,,,,,,
uukuguy/speechlessllama2hermesorcaplatypuswizardlm13b,45.61751707691148,26.79172729423422,2.0392749244713,2.684563758389265,17.754166666666666,17.322325650118206,59.64163822525597,82.70264887472615,58.29861027078807,55.99582588635479,75.37490134175216,13.115996967399546,,,,,,,,,,,,,,,,,,,,,,,,,,,,,,,,,,,,,,,,,
uukuguy/speechlessmistraldolphinorcaplatypussamantha7b,37.00215428396654,29.65312947574292,2.9456193353474323,4.4742729306487705,13.850260416666664,22.11510047281324,64.3344709897611,84.39553873730333,63.7237198372946,52.52044347181257,78.37411207576953,21.37983320697498,,,,,,,,,,,,,,,,,,,,,,,,,,,,,,,,,,,,,,,,,
uukuguy/speechlesszephyrcodefunctionary7b,26.95791610704044,25.983622785908505,4.229607250755287,6.711409395973152,11.613020833333332,23.26942966903073,61.51877133105802,83.87771360286796,64.70824931415,44.99423947177576,78.68981846882399,43.82107657316149,,,,,,,,,,,,,,,,,,,,,,,,,,,,,,,,,,,,,,,,,
vicgalle/carbonbeagle11btruthy,52.12214701436632,33.98837559181831,4.909365558912387,6.599552572706939,4.112760416666666,26.18757387706856,72.26962457337885,89.31487751443935,66.54558287567055,78.55125113686812,83.82004735595896,66.11068991660348,,,,,,,,,,,,,,,,,,,,,,,,,,,,,,,,,,,,,,,,,
vicgalle/configurablehermes2prollama38b,57.62510139762497,30.50962474895478,7.628398791540786,6.263982102908276,10.062239583333334,23.30636820330969,63.82252559726962,83.48934475204143,65.22610479317345,62.50621031182334,77.1112865035517,68.46095526914328,,,,,,,,,,,,,,,,,,,,,,,,,,,,,,,,,,,,,,,,,
vicgalle/configurableyi159bchat,43.234506664538976,35.33444508462291,20.46827794561933,12.416107382550338,12.02265625,33.5014036643026,64.16382252559727,81.69687313284206,70.98619993208565,58.75453747041552,76.79558011049724,70.58377558756634,,,,,,,,,,,,,,,,,,,,,,,,,,,,,,,,,,,,,,,,,
vicgalle/configurablebeagle11b,58.34452585805663,32.392022902811185,4.305135951661631,6.935123042505594,7.379427083333333,26.38150118203309,72.52559726962457,88.84684325831508,66.71285984165554,77.12685242373996,83.26756116811366,63.91205458680819,,,,,,,,,,,,,,,,,,,,,,,,,,,,,,,,,,,,,,,,,
vicgalle/configurablehermes7b,54.10798902467674,23.158164380406475,4.758308157099698,3.5794183445190177,9.110937500000004,22.50295508274231,66.04095563139933,84.30591515634336,62.43985944304218,61.70544221880094,77.42699289660617,61.41015921152388,,,,,,,,,,,,,,,,,,,,,,,,,,,,,,,,,,,,,,,,,
vicgalle/configurablesolar107b,50.995580614990445,27.45095014166692,6.646525679758309,6.487695749440718,5.193229166666667,24.146719858156025,70.39249146757679,88.03027285401315,66.43615421725751,72.34056129661047,83.03078137332281,63.38134950720242,,,,,,,,,,,,,,,,,,,,,,,,,,,,,,,,,,,,,,,,,
vonjack/phi3mini4kinstructllamafied,57.87488308798432,40.20185213345416,13.821752265861026,10.738255033557047,7.110937500000002,32.06080082742317,62.8839590443686,80.57159928301135,67.23258012270988,59.88391624622216,72.69139700078927,73.69219105382867,,,,,,,,,,,,,,,,,,,,,,,,,,,,,,,,,,,,,,,,,
yampeleg/hebrewmistral7b,23.28344348550734,20.176940422218426,4.984894259818732,3.9149888143176734,7.673697916666668,19.778738179669027,59.72696245733788,80.77076279625572,59.5171037193856,48.164823425096536,74.03314917127072,30.32600454890068,,,,,,,,,,,,,,,,,,,,,,,,,,,,,,,,,,,,,,,,,
zhengr/mixtao7bx2moev81,41.87810564856802,19.17690717348315,6.042296072507553,6.487695749440718,8.303124999999996,20.517508865248228,73.80546075085324,89.21529575781717,64.92084758928057,78.57105477952206,87.37174427782163,71.1144806671721,,,,,,,,,,,,,,,,,,,,,,,,,,,,,,,,,,,,,,,,,
