model,params_b,type,arch,IFEval,BBH,MATH Lvl 5,GPQA,MUSR,MMLU-PRO
01-ai/Yi-1.5-34B,34.389,🟢 pretrained,LlamaForCausalLM,28.411725333226947,42.74936268839652,15.332326283987916,15.436241610738257,11.217187500000003,40.732121749408975
01-ai/Yi-1.5-34B-32K,34.389,🟢 pretrained,LlamaForCausalLM,31.186917379220468,43.38184666762572,15.407854984894259,15.100671140939594,14.07786458333333,41.21232269503546
01-ai/Yi-1.5-34B-Chat,34.389,"💬 chat models (RLHF, DPO, IFT, ...)",LlamaForCausalLM,60.66758423205982,44.262825981005655,27.719033232628398,15.324384787472036,13.058072916666665,39.11606087470449
01-ai/Yi-1.5-34B-Chat-16K,34.389,"💬 chat models (RLHF, DPO, IFT, ...)",LlamaForCausalLM,45.6449997118756,44.53615654671034,21.37462235649547,11.74496644295302,13.736718750000001,39.383865248226954
01-ai/Yi-1.5-6B,6.061,🟢 pretrained,LlamaForCausalLM,26.166017278598567,22.027904536694773,6.646525679758309,8.501118568232664,13.309114583333335,23.823507683215126
01-ai/Yi-1.5-6B-Chat,6.061,"💬 chat models (RLHF, DPO, IFT, ...)",LlamaForCausalLM,51.452701055421834,23.67872313235784,16.238670694864048,6.935123042505594,14.030468750000002,24.368351063829788
01-ai/Yi-1.5-9B,8.829,🟢 pretrained,LlamaForCausalLM,29.358435617494916,30.50071699492122,11.404833836858005,17.225950782997764,12.030989583333332,32.402482269503544
01-ai/Yi-1.5-9B-32K,8.829,🟢 pretrained,LlamaForCausalLM,23.031113002389215,28.937011582169664,10.80060422960725,14.541387024608499,10.82682291666667,30.721778959810877
01-ai/Yi-1.5-9B-Chat,8.829,"💬 chat models (RLHF, DPO, IFT, ...)",LlamaForCausalLM,60.455258713546726,36.95293138417893,22.58308157099698,11.297539149888143,12.838281249999996,33.05814125295508
01-ai/Yi-1.5-9B-Chat-16K,8.829,"💬 chat models (RLHF, DPO, IFT, ...)",LlamaForCausalLM,42.14040966856828,31.497608947018318,17.82477341389728,7.829977628635347,10.03828125,33.261303191489354
01-ai/Yi-34B,34.389,🟢 pretrained,LlamaForCausalLM,30.45751938190668,35.542431259008794,5.13595166163142,15.548098434004473,9.648437500000004,37.90632387706855
01-ai/Yi-34B-200K,34.389,🟢 pretrained,LlamaForCausalLM,15.424850507763843,36.02211028900003,5.740181268882175,14.205816554809845,9.414843749999998,39.273049645390074
01-ai/Yi-34B-Chat,34.389,"💬 chat models (RLHF, DPO, IFT, ...)",LlamaForCausalLM,46.98887839820566,37.623987597243485,6.268882175226587,11.74496644295302,8.363802083333338,34.369459219858165
01-ai/Yi-6B,6.061,🟢 pretrained,LlamaForCausalLM,28.93378458046871,19.408504737915056,1.5861027190332326,2.572706935123044,7.044270833333335,22.12433510638298
01-ai/Yi-6B-200K,6.061,🟢 pretrained,LlamaForCausalLM,8.433068702154728,20.148020103768047,1.812688821752266,4.250559284116329,16.842447916666668,20.489804964539008
01-ai/Yi-6B-Chat,6.061,"💬 chat models (RLHF, DPO, IFT, ...)",LlamaForCausalLM,33.95213588833185,17.00016656742376,1.3595166163141994,5.92841163310962,3.5656250000000003,22.90004432624113
01-ai/Yi-9B,8.829,🟢 pretrained,LlamaForCausalLM,27.08779372066118,27.626956112077934,5.589123867069486,9.060402684563762,8.909114583333334,28.59781323877068
01-ai/Yi-9B-200K,8.829,🟢 pretrained,LlamaForCausalLM,23.270921155866432,26.49249509714754,6.646525679758309,8.7248322147651,12.109114583333332,29.1334219858156
01-ai/Yi-Coder-9B-Chat,8.829,🔶 fine-tuned on domain-specific datasets,LlamaForCausalLM,48.17041006750976,25.94315294491389,4.003021148036254,0.0,7.963802083333333,15.83554964539007
CausalLM/14B,14.0,🔶 fine-tuned on domain-specific datasets,LlamaForCausalLM,27.882130524785346,24.780942674518666,7.552870090634441,7.046979865771815,11.468229166666669,24.682328605200944
CausalLM/34b-beta,34.389,🔶 fine-tuned on domain-specific datasets,LlamaForCausalLM,30.43247472262486,36.677226262739055,4.833836858006042,12.863534675615215,6.924739583333334,48.05518617021277
CausalLM/preview-1-hf,9.543,🔶 fine-tuned on domain-specific datasets,GlmForCausalLM,55.58928088582738,10.100940706274752,3.0211480362537766,1.5659955257270708,1.1067708333333328,28.856382978723406
CohereForAI/aya-23-35B,34.981,"💬 chat models (RLHF, DPO, IFT, ...)",CohereForCausalLM,64.61932117891638,34.85836046775463,3.474320241691843,5.92841163310962,13.47369791666666,26.178339243498815
CohereForAI/aya-23-8B,8.028,"💬 chat models (RLHF, DPO, IFT, ...)",CohereForCausalLM,46.98887839820566,20.203760646739372,1.6616314199395772,4.5861297539149914,8.424479166666664,14.2010195035461
CohereForAI/aya-expanse-32b,32.296,"💬 chat models (RLHF, DPO, IFT, ...)",CohereForCausalLM,73.01737168490715,38.70961143301418,15.332326283987916,10.067114093959727,6.408854166666668,34.77578309692671
CohereForAI/aya-expanse-8b,8.028,"💬 chat models (RLHF, DPO, IFT, ...)",CohereForCausalLM,63.585176221315,28.52348250428851,8.610271903323262,7.046979865771815,4.410677083333334,22.26285460992908
CohereForAI/c4ai-command-r-plus,103.811,"💬 chat models (RLHF, DPO, IFT, ...)",CohereForCausalLM,76.64186580495308,39.91995423143177,8.006042296072508,7.38255033557047,20.42317708333333,33.242833924349874
CohereForAI/c4ai-command-r-plus-08-2024,103.811,"💬 chat models (RLHF, DPO, IFT, ...)",CohereForCausalLM,75.39539532883859,42.83686540770696,12.386706948640484,13.422818791946312,19.835156249999994,38.0079048463357
CohereForAI/c4ai-command-r-v01,34.981,"💬 chat models (RLHF, DPO, IFT, ...)",CohereForCausalLM,67.48194789824333,34.556659257058264,3.474320241691843,7.606263982102905,16.12890625,26.326093380614658
CohereForAI/c4ai-command-r7b-12-2024,8.028,"💬 chat models (RLHF, DPO, IFT, ...)",Cohere2ForCausalLM,77.13145564878965,36.0245641700103,29.909365558912388,7.829977628635347,10.230468750000002,28.5793439716312
Deci/DeciLM-7B,7.044,🟢 pretrained,DeciLMForCausalLM,28.129474239462404,21.252729791067395,2.8700906344410875,6.040268456375841,13.0484375,18.799867021276594
Deci/DeciLM-7B-instruct,7.044,"💬 chat models (RLHF, DPO, IFT, ...)",DeciLMForCausalLM,48.802399854608,23.887149044184596,3.0211480362537766,5.257270693512303,5.985416666666667,17.86716903073286
EleutherAI/gpt-j-6b,6.0,🟢 pretrained,GPTJForCausalLM,25.221855787089368,4.912818068323685,1.3595166163141994,0.0,5.252083333333334,2.6761968085106376
EleutherAI/gpt-neo-1.3B,1.366,🟢 pretrained,GPTNeoForCausalLM,20.790502533278367,3.024569180930987,1.0574018126888218,0.7829977628635317,4.873697916666666,1.8173758865248217
EleutherAI/gpt-neo-125m,0.15,🟢 pretrained,GPTNeoForCausalLM,19.054442213327306,3.436738951426704,0.6042296072507553,0.44742729306487633,2.6166666666666654,0.28442671394798985
EleutherAI/gpt-neo-2.7B,2.718,🟢 pretrained,GPTNeoForCausalLM,25.896288514474925,4.178602667081014,1.0574018126888218,2.1252796420581683,3.5205729166666675,1.8081412529550822
EleutherAI/gpt-neox-20b,20.739,🟢 pretrained,GPTNeoXForCausalLM,25.86880587951081,4.929114201526899,1.3595166163141994,0.0,2.816666666666666,1.725029550827422
EleutherAI/pythia-1.4b,1.515,🟢 pretrained,GPTNeoXForCausalLM,23.708094522533543,3.878989478987103,1.5105740181268883,1.5659955257270708,4.02265625,1.3648788416075646
EleutherAI/pythia-12b,12.0,🟢 pretrained,GPTNeoXForCausalLM,24.71475684517081,4.987531038290507,1.6616314199395772,0.0,3.7872395833333345,1.2078900709219857
EleutherAI/pythia-160m,0.213,🟢 pretrained,GPTNeoXForCausalLM,18.155161637787735,2.198832279508135,0.906344410876133,1.1185682326621946,10.675520833333332,1.3279403073286051
EleutherAI/pythia-1b,1.079,🟢 pretrained,GPTNeoXForCausalLM,22.079415949680183,2.2939863995762866,0.906344410876133,0.8948545861297527,2.7343749999999996,1.512632978723403
EleutherAI/pythia-2.8b,2.909,🟢 pretrained,GPTNeoXForCausalLM,21.73222604910526,5.077786161905462,1.3595166163141994,0.0,3.6382812500000004,1.521867612293143
EleutherAI/pythia-410m,0.506,🟢 pretrained,GPTNeoXForCausalLM,21.954525104500505,2.7154281203357473,0.9818731117824773,1.230425055928408,3.0598958333333326,1.4202866430260035
EleutherAI/pythia-6.9b,6.9,🟢 pretrained,GPTNeoXForCausalLM,22.811362739752745,5.88163197981621,1.4350453172205437,0.22371364653244186,3.8148437499999996,1.6326832151300221
HuggingFaceH4/zephyr-7b-alpha,7.242,"💬 chat models (RLHF, DPO, IFT, ...)",MistralForCausalLM,51.914808264294294,23.890291427068444,1.9637462235649545,6.375838926174497,7.503125000000001,19.94496158392435
HuggingFaceH4/zephyr-7b-beta,7.242,"💬 chat models (RLHF, DPO, IFT, ...)",MistralForCausalLM,49.50431521695767,21.487542182806738,2.8700906344410875,5.369127516778524,7.7343749999999964,19.78797281323877
HuggingFaceH4/zephyr-7b-gemma-v0.1,8.538,"💬 chat models (RLHF, DPO, IFT, ...)",GemmaForCausalLM,33.637415391162115,23.751162749201274,8.157099697885197,5.92841163310962,4.179427083333334,20.526743498817968
HuggingFaceH4/zephyr-orpo-141b-A35b-v0.1,140.621,"💬 chat models (RLHF, DPO, IFT, ...)",MixtralForCausalLM,65.10891102275296,47.503796286541196,20.468277945619334,17.114093959731544,14.715104166666668,39.84559692671394
HuggingFaceTB/SmolLM-1.7B,1.71,🟢 pretrained,LlamaForCausalLM,23.615673080759052,4.4111278515492005,1.6616314199395772,0.0,2.1283854166666667,1.6419178486997636
HuggingFaceTB/SmolLM-1.7B-Instruct,1.71,"💬 chat models (RLHF, DPO, IFT, ...)",LlamaForCausalLM,23.478259905938465,2.0803742908537424,2.1148036253776437,1.342281879194629,2.0833333333333326,1.8450797872340412
HuggingFaceTB/SmolLM-135M,0.13,🟢 pretrained,LlamaForCausalLM,21.247622973709756,3.2853998220852616,1.3595166163141994,1.1185682326621946,13.342187500000001,1.3556442080378246
HuggingFaceTB/SmolLM-135M-Instruct,0.135,"💬 chat models (RLHF, DPO, IFT, ...)",LlamaForCausalLM,12.14012154416947,2.6929580047045802,0.5287009063444109,1.230425055928408,3.365625,1.9558953900709206
HuggingFaceTB/SmolLM-360M,0.36,🟢 pretrained,LlamaForCausalLM,21.33505764704318,3.284915303246592,1.1329305135951662,2.348993288590602,8.089322916666665,1.374113475177304
HuggingFaceTB/SmolLM-360M-Instruct,0.362,"💬 chat models (RLHF, DPO, IFT, ...)",LlamaForCausalLM,19.516549422199766,2.0803742908537424,1.812688821752266,1.9015659955257262,2.897135416666666,1.8450797872340412
HuggingFaceTB/SmolLM2-1.7B,1.71,🟢 pretrained,LlamaForCausalLM,24.40003634800108,9.301788459551682,2.643504531722054,3.9149888143176734,4.601041666666668,12.640366430260045
HuggingFaceTB/SmolLM2-1.7B-Instruct,1.711,"💬 chat models (RLHF, DPO, IFT, ...)",LlamaForCausalLM,53.678351219209475,10.917989226208066,5.81570996978852,3.9149888143176734,4.098958333333335,11.707668439716311
HuggingFaceTB/SmolLM2-135M,0.135,🟢 pretrained,LlamaForCausalLM,18.177657504310783,3.70807758683998,1.2084592145015105,0.0,10.030468749999999,1.0509013002364058
HuggingFaceTB/SmolLM2-135M-Instruct,0.135,"💬 chat models (RLHF, DPO, IFT, ...)",LlamaForCausalLM,28.83138960181208,4.720807660805284,0.3021148036253776,0.0,3.6773437500000035,1.2725325059101646
HuggingFaceTB/SmolLM2-135M-Instruct,0.135,🔶 fine-tuned on domain-specific datasets,LlamaForCausalLM,5.925167444602544,4.796275744662444,1.4350453172205437,0.0,6.059895833333335,1.0231973995271864
HuggingFaceTB/SmolLM2-360M,0.36,🟢 pretrained,LlamaForCausalLM,21.145227995053123,5.543603155369513,1.2084592145015105,0.0,7.728385416666666,1.8820183215130022
HuggingFaceTB/SmolLM2-360M-Instruct,0.362,🔶 fine-tuned on domain-specific datasets,LlamaForCausalLM,8.303191088533978,3.2990473293233173,0.8308157099697886,2.0134228187919474,2.751822916666668,1.4018173758865236
HuggingFaceTB/SmolLM2-360M-Instruct,0.36,"💬 chat models (RLHF, DPO, IFT, ...)",LlamaForCausalLM,38.41595854554804,4.173863636363637,1.5105740181268883,0.6711409395973182,2.7656250000000004,1.300236406619384
IDEA-CCNL/Ziya-LLaMA-13B-v1,13.0,🔶 fine-tuned on domain-specific datasets,LlamaForCausalLM,16.968643200042553,1.4636170460989157,0.0,0.0,3.881510416666668,1.124778368794326
Intel/neural-chat-7b-v3,7.0,🔶 fine-tuned on domain-specific datasets,MistralForCausalLM,27.779735546128713,30.205692320538088,2.9456193353474323,5.592841163310966,23.019531249999996,18.873744089834513
Intel/neural-chat-7b-v3-1,7.242,🔶 fine-tuned on domain-specific datasets,MistralForCausalLM,46.868974321467036,29.7397523676162,3.5498489425981874,5.369127516778524,22.236979166666657,18.642878250591018
Intel/neural-chat-7b-v3-2,7.0,🔶 fine-tuned on domain-specific datasets,MistralForCausalLM,49.883974520937784,30.237457969159426,4.758308157099698,5.369127516778524,20.056770833333335,18.522828014184395
Intel/neural-chat-7b-v3-3,7.0,🔶 fine-tuned on domain-specific datasets,MistralForCausalLM,47.62585495374495,27.753850886523697,4.078549848942599,5.257270693512303,20.578124999999996,18.05186170212766
LLM360/K2,65.286,🟢 pretrained,LlamaForCausalLM,22.52157608478836,28.220402834201128,2.719033232628399,3.5794183445190177,8.550000000000004,22.272089243498815
LLM360/K2-Chat,65.286,"💬 chat models (RLHF, DPO, IFT, ...)",LlamaForCausalLM,51.51763986223221,33.79382923599304,10.347432024169184,7.494407158836691,16.824999999999996,26.34456264775413
Nexusflow/NexusRaven-V2-13B,13.0,🔶 fine-tuned on domain-specific datasets,LlamaForCausalLM,17.90781792311068,15.336448395229596,2.9456193353474323,1.342281879194629,3.7109374999999996,9.685283687943262
NousResearch/DeepHermes-3-Mistral-24B-Preview,23.572,🔶 fine-tuned on domain-specific datasets,MistralForCausalLM,45.357761849669984,48.963404310757504,25.755287009063444,15.99552572706935,15.95833333333333,39.891770094562645
NousResearch/Hermes-2-Pro-Llama-3-8B,8.031,"💬 chat models (RLHF, DPO, IFT, ...)",LlamaForCausalLM,53.61839918084017,30.667993420825,8.38368580060423,5.7046979865771785,11.246614583333335,22.798463356973993
NousResearch/Hermes-2-Pro-Mistral-7B,7.242,"💬 chat models (RLHF, DPO, IFT, ...)",MistralForCausalLM,56.68337788179808,29.427578860536,6.042296072507553,3.1319910514541416,14.132552083333337,21.625664893617017
NousResearch/Hermes-2-Theta-Llama-3-8B,8.03,🔶 fine-tuned on domain-specific datasets,LlamaForCausalLM,65.17883659800441,32.046073848075835,9.667673716012084,7.158836689038028,8.36197916666667,26.316858747044915
NousResearch/Hermes-3-Llama-3.1-70B,70.554,"💬 chat models (RLHF, DPO, IFT, ...)",LlamaForCausalLM,76.61438316998897,53.76540869130056,20.996978851963746,14.876957494407161,23.42864583333333,41.40625
NousResearch/Hermes-3-Llama-3.1-8B,8.03,"💬 chat models (RLHF, DPO, IFT, ...)",LlamaForCausalLM,61.70172918966122,30.724096614147953,4.758308157099698,6.375838926174497,13.617187499999995,23.768099881796687
NousResearch/Hermes-3-Llama-3.2-3B,3.213,"💬 chat models (RLHF, DPO, IFT, ...)",LlamaForCausalLM,38.24862476008103,20.187188037454586,3.927492447129909,3.355704697986576,8.577604166666669,17.156102245862883
NousResearch/Nous-Hermes-2-Mistral-7B-DPO,7.242,"💬 chat models (RLHF, DPO, IFT, ...)",MistralForCausalLM,57.62510139762497,27.792545658366084,4.758308157099697,5.7046979865771785,8.330729166666668,22.392139479905435
NousResearch/Nous-Hermes-2-Mixtral-8x7B-DPO,46.703,"💬 chat models (RLHF, DPO, IFT, ...)",MixtralForCausalLM,58.96898008395502,37.10778379133987,12.235649546827794,9.507829977628639,16.676041666666666,29.622857565011817
NousResearch/Nous-Hermes-2-Mixtral-8x7B-SFT,46.703,"💬 chat models (RLHF, DPO, IFT, ...)",MixtralForCausalLM,57.30783210769647,30.594312778864406,2.1148036253776437,6.935123042505594,11.138541666666669,22.95545212765957
NousResearch/Nous-Hermes-2-SOLAR-10.7B,10.732,"💬 chat models (RLHF, DPO, IFT, ...)",LlamaForCausalLM,52.78660620486975,34.990894584465195,5.740181268882175,5.8165548098433995,13.826822916666663,27.314199172576835
NousResearch/Nous-Hermes-llama-2-7b,6.738,🔶 fine-tuned on domain-specific datasets,LlamaForCausalLM,17.290788441335657,13.78941955171473,0.906344410876133,1.7897091722595053,11.681510416666667,10.442523640661937
NousResearch/Yarn-Llama-2-13b-128k,13.0,🟩 continuously pretrained,LlamaForCausalLM,16.546430138698653,13.505319085673955,1.7371601208459215,1.1185682326621946,3.385416666666666,14.671985815602836
NousResearch/Yarn-Llama-2-7b-128k,7.0,🟩 continuously pretrained,LlamaForCausalLM,14.847825990593847,6.1446917129934855,1.5105740181268883,1.342281879194629,8.253906250000004,8.789524231678488
NousResearch/Yarn-Llama-2-7b-64k,7.0,🟩 continuously pretrained,LlamaForCausalLM,16.99856381068897,7.0440554144724175,1.5861027190332326,1.9015659955257262,6.934374999999998,8.872635933806146
NousResearch/Yarn-Mistral-7b-128k,7.0,🟩 continuously pretrained,MistralForCausalLM,19.33669330709185,20.633112436478672,3.1722054380664653,6.487695749440718,8.948177083333333,21.034648345153663
NousResearch/Yarn-Mistral-7b-64k,7.0,🟩 continuously pretrained,MistralForCausalLM,20.79548930171944,20.230200209182886,3.7009063444108756,5.369127516778524,9.881510416666666,21.265514184397162
NousResearch/Yarn-Solar-10b-32k,10.0,🟩 continuously pretrained,LlamaForCausalLM,19.421579187666502,28.99482436025671,3.0211480362537766,7.046979865771815,10.597395833333332,25.24564125295508
NousResearch/Yarn-Solar-10b-64k,10.0,🟩 continuously pretrained,LlamaForCausalLM,19.88867316498003,28.395714153595822,2.8700906344410875,6.935123042505594,9.013020833333336,23.869680851063833
Open-Orca/Mistral-7B-OpenOrca,7.0,"💬 chat models (RLHF, DPO, IFT, ...)",MistralForCausalLM,49.77659277384008,25.840025395269805,3.5498489425981874,2.9082774049216997,5.889322916666667,18.36583924349882
OpenAssistant/oasst-sft-1-pythia-12b,12.0,🔶 fine-tuned on domain-specific datasets,GPTNeoXForCausalLM,10.553885911603434,4.778508799161477,1.5105740181268883,1.0067114093959737,2.987239583333334,1.2540632387706852
PrimeIntellect/INTELLECT-1,10.211,🟢 pretrained,LlamaForCausalLM,17.57315035217667,1.0435001578954441,0.0,0.44742729306487633,2.408854166666666,1.3648788416075646
PrimeIntellect/INTELLECT-1,10.211,🟢 pretrained,LlamaForCausalLM,17.57315035217667,1.0435001578954441,0.0,0.0,4.1421874999999995,1.337174940898345
PrimeIntellect/INTELLECT-1-Instruct,10.211,"💬 chat models (RLHF, DPO, IFT, ...)",LlamaForCausalLM,0.0,1.7494478703137453,2.2658610271903323,0.0,3.7109374999999996,0.7092198581560278
PygmalionAI/pygmalion-6b,6.0,🔶 fine-tuned on domain-specific datasets,GPTJForCausalLM,20.910406610016974,5.089577143988909,0.8308157099697886,0.0,3.7109374999999996,2.0390070921985806
Qwen/QwQ-32B,32.764,🔶 fine-tuned on domain-specific datasets,Qwen2ForCausalLM,39.767372793077925,2.868335388534824,16.08761329305136,1.342281879194629,11.046093749999999,2.177526595744679
Qwen/QwQ-32B-Preview,32.764,"💬 chat models (RLHF, DPO, IFT, ...)",Qwen2ForCausalLM,40.354370847130056,53.387676351713196,44.93957703927492,4.250559284116337,9.80703125,51.979905437352244
Qwen/Qwen1.5-0.5B,0.62,🟢 pretrained,Qwen2ForCausalLM,17.056077873375976,5.035475836799366,1.7371601208459215,0.5592841163310973,4.303125,3.4149674940898342
Qwen/Qwen1.5-0.5B-Chat,0.62,"💬 chat models (RLHF, DPO, IFT, ...)",Qwen2ForCausalLM,18.072713732895387,4.318032636938059,0.6797583081570997,2.572706935123044,6.063541666666667,2.362219267139479
Qwen/Qwen1.5-1.8B,1.837,🟢 pretrained,Qwen2ForCausalLM,21.542396397115212,9.759901587727937,3.1722054380664653,7.38255033557047,3.963802083333334,9.79609929078014
Qwen/Qwen1.5-1.8B-Chat,1.837,"💬 chat models (RLHF, DPO, IFT, ...)",Qwen2ForCausalLM,20.190982149585324,5.908662877770453,1.9637462235649545,6.375838926174497,12.179427083333335,8.928043735224584
Qwen/Qwen1.5-110B,111.21,🟢 pretrained,Qwen2ForCausalLM,34.21942667677318,44.28047655387545,24.69788519637462,13.646532438478745,13.705468750000001,48.45227541371159
Qwen/Qwen1.5-110B-Chat,111.21,"💬 chat models (RLHF, DPO, IFT, ...)",Qwen2ForCausalLM,59.388644352540155,44.98454525616634,23.413897280966765,12.192393736017896,16.287499999999994,42.495936761229316
Qwen/Qwen1.5-14B,14.167,🟢 pretrained,Qwen2ForCausalLM,29.05368865720732,30.063103282917453,20.241691842900302,5.92841163310962,10.464062500000002,29.373522458628837
Qwen/Qwen1.5-14B-Chat,14.167,"💬 chat models (RLHF, DPO, IFT, ...)",Qwen2ForCausalLM,47.68082022367319,32.75647930053065,15.256797583081571,2.684563758389265,13.930729166666667,29.08724881796691
Qwen/Qwen1.5-32B,32.512,🟢 pretrained,Qwen2ForCausalLM,32.97295620065869,38.980351633108974,30.28700906344411,10.626398210290827,12.040625000000004,38.88519503546098
Qwen/Qwen1.5-32B-Chat,32.512,"💬 chat models (RLHF, DPO, IFT, ...)",Qwen2ForCausalLM,55.32199009738605,44.55485402391639,19.561933534743204,7.494407158836691,10.197395833333335,38.41422872340425
Qwen/Qwen1.5-4B,3.95,🟢 pretrained,Qwen2ForCausalLM,24.447466056729475,16.249142581095292,5.287009063444108,3.5794183445190177,4.8226562500000005,16.22340425531915
Qwen/Qwen1.5-4B-Chat,3.95,"💬 chat models (RLHF, DPO, IFT, ...)",Qwen2ForCausalLM,31.566576683200577,16.29707852890831,2.794561933534743,2.2371364653243813,7.355989583333333,15.512337470449172
Qwen/Qwen1.5-7B,7.721,🟢 pretrained,Qwen2ForCausalLM,26.842998798742894,23.075768754340448,9.290030211480364,6.487695749440718,9.158333333333333,21.293218085106382
Qwen/Qwen1.5-7B-Chat,7.721,"💬 chat models (RLHF, DPO, IFT, ...)",Qwen2ForCausalLM,43.711574178734644,22.379129599952787,6.268882175226587,7.046979865771815,4.6382812499999995,21.681072695035464
Qwen/Qwen1.5-MoE-A2.7B,14.316,🟢 pretrained,Qwen2MoeForCausalLM,26.598203876824606,18.837858500547185,9.290030211480364,1.230425055928408,7.967968750000003,19.751034278959807
Qwen/Qwen1.5-MoE-A2.7B-Chat,14.316,"💬 chat models (RLHF, DPO, IFT, ...)",Qwen2MoeForCausalLM,37.95385133667558,20.041818895540953,6.3444108761329305,3.243847874720355,6.334375000000001,21.3670951536643
Qwen/Qwen2-0.5B,0.494,🟢 pretrained,Qwen2ForCausalLM,18.732186154957734,7.9185120409032566,2.643504531722054,1.4541387024608499,4.601041666666668,7.99534574468085
Qwen/Qwen2-0.5B-Instruct,0.494,"💬 chat models (RLHF, DPO, IFT, ...)",Qwen2ForCausalLM,22.466610814860125,5.876044259408482,2.8700906344410875,0.0,2.408854166666666,5.89908392434988
Qwen/Qwen2-1.5B,1.544,🟢 pretrained,Qwen2ForCausalLM,21.132705665412217,11.781833653483531,7.02416918429003,1.9015659955257262,3.5932291666666667,17.239213947990542
Qwen/Qwen2-1.5B-Instruct,1.544,"💬 chat models (RLHF, DPO, IFT, ...)",Qwen2ForCausalLM,33.712327734854625,13.695346827502663,7.175226586102719,1.5659955257270708,12.026822916666667,16.675901300236408
Qwen/Qwen2-57B-A14B,57.409,🟢 pretrained,Qwen2MoeForCausalLM,31.126965340851164,38.87598905034189,18.65558912386707,7.494407158836691,10.538541666666669,43.511746453900706
Qwen/Qwen2-57B-A14B-Instruct,57.409,"💬 chat models (RLHF, DPO, IFT, ...)",Qwen2MoeForCausalLM,63.37783747124297,41.785917734842535,28.172205438066467,10.850111856823268,14.183593749999995,39.725546690307326
Qwen/Qwen2-72B,72.706,🟢 pretrained,Qwen2ForCausalLM,38.23610243044012,51.85613118695519,31.1178247734139,19.239373601789712,19.728906250000005,52.56168735224587
Qwen/Qwen2-72B-Instruct,72.706,"💬 chat models (RLHF, DPO, IFT, ...)",Qwen2ForCausalLM,79.89168738945996,57.48300911876294,41.76737160120846,16.33109619686801,17.167968749999996,48.92324172576833
Qwen/Qwen2-7B,7.616,🟢 pretrained,Qwen2ForCausalLM,31.48667757106699,34.711136202753416,20.39274924471299,7.270693512304249,14.322916666666666,35.366799645390074
Qwen/Qwen2-7B-Instruct,7.616,"💬 chat models (RLHF, DPO, IFT, ...)",Qwen2ForCausalLM,56.79075962889577,37.80839092310167,27.64350453172205,6.375838926174497,7.3656250000000005,31.636007683215123
Qwen/Qwen2-Math-72B-Instruct,72.706,"💬 chat models (RLHF, DPO, IFT, ...)",Qwen2ForCausalLM,56.93814634059851,47.96019950734914,55.36253776435045,15.771812080536915,15.728906249999994,36.364140070921984
Qwen/Qwen2-Math-7B,7.616,🔶 fine-tuned on domain-specific datasets,Qwen2ForCausalLM,26.870481433707006,14.064494488871304,24.773413897280967,1.7897091722595053,2.4166666666666683,2.186761229314421
Qwen/Qwen2-VL-72B-Instruct,73.406,🌸 multimodal,Qwen2VLForConditionalGeneration,59.82326892644849,56.3112338791251,34.44108761329305,18.34451901565996,15.885677083333329,52.41393321513003
Qwen/Qwen2-VL-7B-Instruct,8.291,🌸 multimodal,Qwen2VLForConditionalGeneration,45.99218961245052,35.87710314498947,19.86404833836858,9.284116331096197,13.554166666666669,34.38792848699764
Qwen/Qwen2.5-0.5B,0.5,🟢 pretrained,Qwen2ForCausalLM,16.271714606133948,6.953961634882263,3.927492447129909,0.0,2.0833333333333326,10.0639036643026
Qwen/Qwen2.5-0.5B-Instruct,0.5,"💬 chat models (RLHF, DPO, IFT, ...)",Qwen2ForCausalLM,30.712287840707102,8.434863610588833,0.0,1.0067114093959737,0.9440104166666662,7.7460106382978715
Qwen/Qwen2.5-0.5B-Instruct,0.494,"💬 chat models (RLHF, DPO, IFT, ...)",Qwen2ForCausalLM,31.529120511354318,8.169502268182768,10.347432024169184,1.230425055928408,1.3734374999999996,7.99534574468085
Qwen/Qwen2.5-1.5B,1.5,🟢 pretrained,Qwen2ForCausalLM,26.743041795768562,16.660465167691854,9.138972809667674,4.697986577181204,5.265885416666666,20.609855200945624
Qwen/Qwen2.5-1.5B-Instruct,1.5,"💬 chat models (RLHF, DPO, IFT, ...)",Qwen2ForCausalLM,44.75569267321818,19.809786497358974,22.054380664652566,0.7829977628635317,3.1890625000000004,19.99113475177305
Qwen/Qwen2.5-14B,14.77,🟢 pretrained,Qwen2ForCausalLM,36.94464022127954,45.078312404984935,29.003021148036257,17.561521252796418,15.913281249999997,47.205599881796694
Qwen/Qwen2.5-14B-Instruct,14.77,"💬 chat models (RLHF, DPO, IFT, ...)",Qwen2ForCausalLM,81.57776920792386,48.36070661282705,54.7583081570997,9.61968680089485,10.157812500000004,43.382461583924346
Qwen/Qwen2.5-14B-Instruct-1M,14.77,🔶 fine-tuned on domain-specific datasets,Qwen2ForCausalLM,84.1356489669632,45.658280600233155,53.02114803625378,12.416107382550338,11.350000000000003,42.77297576832151
Qwen/Qwen2.5-32B,32.764,🟢 pretrained,Qwen2ForCausalLM,40.766499554515356,53.954752851331996,35.64954682779456,21.588366890380314,22.69583333333333,53.39280437352246
Qwen/Qwen2.5-32B-Instruct,32.764,"💬 chat models (RLHF, DPO, IFT, ...)",Qwen2ForCausalLM,83.46121623957765,56.48934826159387,62.53776435045317,11.74496644295302,13.498958333333329,51.85062056737589
Qwen/Qwen2.5-3B,3.086,🟢 pretrained,Qwen2ForCausalLM,26.895415275912356,24.304241726371686,14.803625377643503,6.375838926174497,11.758333333333335,24.479166666666664
Qwen/Qwen2.5-3B-Instruct,3.0,"💬 chat models (RLHF, DPO, IFT, ...)",Qwen2ForCausalLM,64.74919879253714,25.801393944088584,36.78247734138973,3.0201342281879207,7.565625,25.05171394799054
Qwen/Qwen2.5-72B,72.706,🟢 pretrained,Qwen2ForCausalLM,41.37100670664947,54.61505780163693,39.12386706948641,20.69351230425056,19.640624999999996,55.20279255319149
Qwen/Qwen2.5-72B-Instruct,72.706,"💬 chat models (RLHF, DPO, IFT, ...)",Qwen2ForCausalLM,86.3837949972739,61.873255668787884,59.818731117824775,16.666666666666664,11.742187500000005,51.39812352245864
Qwen/Qwen2.5-7B,7.616,🟢 pretrained,Qwen2ForCausalLM,33.74479713825982,35.81347328754777,25.075528700906347,9.955257270693513,14.13671875,37.38918439716312
Qwen/Qwen2.5-7B-Instruct,7.616,"💬 chat models (RLHF, DPO, IFT, ...)",Qwen2ForCausalLM,75.85251576926998,34.89211675876548,50.0,5.480984340044745,8.453906250000001,36.52112884160757
Qwen/Qwen2.5-7B-Instruct-1M,7.616,🔶 fine-tuned on domain-specific datasets,Qwen2ForCausalLM,74.47616767953474,35.02629094112727,43.353474320241695,6.375838926174497,9.520572916666667,27.83133865248227
Qwen/Qwen2.5-Coder-14B,14.77,🟢 pretrained,Qwen2ForCausalLM,34.72652561869174,40.52300211536303,22.507552870090635,5.7046979865771785,6.3872395833333355,39.125295508274235
Qwen/Qwen2.5-Coder-14B-Instruct,14.77,"💬 chat models (RLHF, DPO, IFT, ...)",Qwen2ForCausalLM,69.07560827493273,44.220018215668375,32.477341389728096,7.270693512304249,7.032291666666666,32.661052009456256
Qwen/Qwen2.5-Coder-32B,32.764,🟢 pretrained,Qwen2ForCausalLM,43.63411304228336,48.51121340614174,30.891238670694865,12.863534675615215,15.868229166666664,47.80585106382979
Qwen/Qwen2.5-Coder-32B-Instruct,32.764,"💬 chat models (RLHF, DPO, IFT, ...)",Qwen2ForCausalLM,72.65267268625026,52.26651520943606,49.546827794561935,13.19910514541387,13.722916666666668,37.92479314420804
Qwen/Qwen2.5-Coder-7B,7.616,🟢 pretrained,Qwen2ForCausalLM,34.4592348302504,28.438944115255534,19.184290030211482,1.230425055928408,2.1734375000000004,29.770611702127653
Qwen/Qwen2.5-Coder-7B-Instruct,7.616,"💬 chat models (RLHF, DPO, IFT, ...)",Qwen2ForCausalLM,61.01477413263474,28.938504045379137,37.160120845921455,5.592841163310966,9.475520833333334,26.13216607565012
Qwen/Qwen2.5-Coder-7B-Instruct,7.616,"💬 chat models (RLHF, DPO, IFT, ...)",Qwen2ForCausalLM,61.47189457306614,28.72657796895031,3.096676737160121,5.8165548098433995,9.875520833333335,26.15986997635934
Qwen/Qwen2.5-Math-1.5B-Instruct,1.544,🔶 fine-tuned on domain-specific datasets,Qwen2ForCausalLM,18.557316808290892,12.859775311917048,26.283987915407852,2.0134228187919474,3.5343750000000003,8.900339834515366
Qwen/Qwen2.5-Math-72B-Instruct,72.706,"💬 chat models (RLHF, DPO, IFT, ...)",Qwen2ForCausalLM,40.034663581519254,48.966096029421145,62.38670694864048,10.850111856823268,16.342187499999998,42.35741725768321
Qwen/Qwen2.5-Math-7B,7.616,🟩 continuously pretrained,Qwen2ForCausalLM,24.599839536873276,22.00876067958663,30.513595166163142,5.8165548098433995,4.995052083333334,19.086140661938536
Qwen/Qwen2.5-Math-7B-Instruct,7.0,"💬 chat models (RLHF, DPO, IFT, ...)",Qwen2ForCausalLM,26.358395723347385,21.489765755272032,58.08157099697885,1.5659955257270708,2.891145833333333,20.222000591016545
Salesforce/LLaMA-3-8B-SFR-Iterative-DPO-R,8.03,🔶 fine-tuned on domain-specific datasets,LlamaForCausalLM,38.15620331830654,29.150289349765558,9.138972809667674,5.033557046979867,5.550000000000002,24.137485224586285
TencentARC/LLaMA-Pro-8B,8.357,🔶 fine-tuned on domain-specific datasets,LlamaForCausalLM,22.77135777514772,9.2939499758607,1.8882175226586102,1.342281879194629,8.593229166666669,9.011155437352246
TencentARC/LLaMA-Pro-8B-Instruct,8.357,"💬 chat models (RLHF, DPO, IFT, ...)",LlamaForCausalLM,44.86063644463357,19.485726056875954,2.492447129909366,3.243847874720355,11.1109375,10.507166075650117
TencentARC/MetaMath-Mistral-Pro,8.987,🔶 fine-tuned on domain-specific datasets,MistralForCausalLM,21.18767093534045,22.37227879113455,7.628398791540786,2.572706935123044,4.9854166666666675,16.35268912529551
TencentARC/Mistral_Pro_8B_v0.1,8.987,🔶 fine-tuned on domain-specific datasets,MistralForCausalLM,21.145227995053123,22.894188758768042,5.664652567975831,4.026845637583895,11.828645833333335,19.61251477541371
TinyLlama/TinyLlama-1.1B-Chat-v0.1,1.1,🔶 fine-tuned on domain-specific datasets,LlamaForCausalLM,14.78543597654224,3.3630106739393377,0.6042296072507553,0.0,3.9049479166666674,1.087839834515365
TinyLlama/TinyLlama-1.1B-Chat-v0.5,1.1,"💬 chat models (RLHF, DPO, IFT, ...)",LlamaForCausalLM,16.336653412944322,3.4076909375697055,0.3776435045317221,0.0,3.565625000000001,1.0693705673758855
TinyLlama/TinyLlama-1.1B-Chat-v0.6,1.1,"💬 chat models (RLHF, DPO, IFT, ...)",LlamaForCausalLM,15.742119797692347,3.390370709512531,1.5861027190332326,1.1185682326621946,2.2773437500000004,1.6511524822695034
TinyLlama/TinyLlama-1.1B-Chat-v1.0,1.1,🔶 fine-tuned on domain-specific datasets,LlamaForCausalLM,5.957636848007731,4.013396848486799,1.5105740181268883,0.0,4.306770833333336,1.124778368794326
TinyLlama/TinyLlama-1.1B-intermediate-step-1431k-3T,1.1,🟢 pretrained,LlamaForCausalLM,22.76637100670665,3.547093389508079,1.2084592145015105,0.33557046979865535,2.187239583333333,1.337174940898345
TinyLlama/TinyLlama_v1.1,1.1,🟢 pretrained,LlamaForCausalLM,20.00613926603634,3.2103010497128146,1.2084592145015105,0.0,3.979427083333333,0.542996453900708
WizardLMTeam/WizardLM-13B-V1.0,13.0,🔶 fine-tuned on domain-specific datasets,LlamaForCausalLM,18.504900331121426,2.147966883446335,0.0,1.230425055928408,3.5481770833333326,1.8450797872340412
WizardLMTeam/WizardLM-13B-V1.2,13.0,🔶 fine-tuned on domain-specific datasets,LlamaForCausalLM,33.92465325336773,22.88865497804447,1.8882175226586102,1.4541387024608499,14.030468750000002,16.87906323877068
WizardLMTeam/WizardLM-70B-V1.0,70.0,🔶 fine-tuned on domain-specific datasets,LlamaForCausalLM,49.514288753839814,37.54335453368136,3.927492447129909,2.1252796420581683,14.089322916666669,27.184914302600472
abacusai/Dracarys-72B-Instruct,72.706,🔶 fine-tuned on domain-specific datasets,Qwen2ForCausalLM,78.55778224001206,56.93552010003367,39.65256797583081,18.791946308724835,16.81119791666666,49.51425827423168
abacusai/Liberated-Qwen1.5-14B,14.0,🔶 fine-tuned on domain-specific datasets,Qwen2ForCausalLM,36.310212458499,28.020905999685464,16.012084592145015,4.4742729306487705,10.316927083333333,27.914450354609933
abacusai/Llama-3-Smaug-8B,8.03,🔶 fine-tuned on domain-specific datasets,LlamaForCausalLM,48.66753547254618,27.880374189415942,8.534743202416918,0.0,5.047916666666663,24.27600472813239
abacusai/Smaug-34B-v0.1,34.389,"💬 chat models (RLHF, DPO, IFT, ...)",LlamaForCausalLM,50.156252077820184,34.261660667279955,7.175226586102719,10.626398210290827,8.134375000000004,39.36539598108747
abacusai/Smaug-72B-v0.1,72.289,🔶 fine-tuned on domain-specific datasets,LlamaForCausalLM,51.67001334237601,43.12510043134919,19.108761329305135,9.843400447427292,14.415364583333334,40.26115543735224
abacusai/Smaug-Llama-3-70B-Instruct-32K,70.554,"💬 chat models (RLHF, DPO, IFT, ...)",LlamaForCausalLM,77.6110719557441,49.07037043446443,27.492447129909365,6.152125279642054,12.432291666666663,41.83104314420804
abacusai/Smaug-Mixtral-v0.1,46.703,"💬 chat models (RLHF, DPO, IFT, ...)",MixtralForCausalLM,55.54428915278129,31.919260543426763,9.516616314199396,6.823266219239373,12.993229166666671,26.13216607565012
abacusai/Smaug-Qwen2-72B-Instruct,72.706,"💬 chat models (RLHF, DPO, IFT, ...)",Qwen2ForCausalLM,78.25303527972446,56.26617189727526,41.31419939577039,14.876957494407161,15.175781249999998,46.559175531914896
ai21labs/Jamba-v0.1,51.57,🟢 pretrained,JambaForCausalLM,20.2559209563957,10.722058918870276,1.5861027190332326,2.460850111856823,3.7109374999999996,16.574320330969268
allenai/Llama-3.1-Tulu-3-70B,70.554,"💬 chat models (RLHF, DPO, IFT, ...)",LlamaForCausalLM,82.91167435737177,45.365568617406275,45.01510574018127,16.442953020134222,23.754166666666666,40.50125591016548
allenai/Llama-3.1-Tulu-3-70B,70.554,"💬 chat models (RLHF, DPO, IFT, ...)",LlamaForCausalLM,83.79344583482937,45.25948099520497,38.29305135951662,16.442953020134222,24.316927083333336,40.6213061465721
allenai/Llama-3.1-Tulu-3-70B-DPO,70.0,"💬 chat models (RLHF, DPO, IFT, ...)",LlamaForCausalLM,82.81925291559727,45.047180919508435,44.93957703927492,16.778523489932887,23.39921875,40.36273640661938
allenai/Llama-3.1-Tulu-3-70B-SFT,70.554,"💬 chat models (RLHF, DPO, IFT, ...)",LlamaForCausalLM,80.50616807847622,42.02398394906459,33.157099697885194,12.639821029082773,24.493489583333332,40.270390070921984
allenai/Llama-3.1-Tulu-3-8B,8.03,"💬 chat models (RLHF, DPO, IFT, ...)",LlamaForCausalLM,82.66687943545348,16.671812993247975,19.637462235649547,6.487695749440718,10.450260416666666,20.295877659574465
allenai/Llama-3.1-Tulu-3-8B,8.03,"💬 chat models (RLHF, DPO, IFT, ...)",LlamaForCausalLM,82.54697535871487,16.858052069402785,21.148036253776432,6.263982102908276,10.516927083333336,20.231235224586285
allenai/Llama-3.1-Tulu-3-8B-DPO,8.0,"💬 chat models (RLHF, DPO, IFT, ...)",LlamaForCausalLM,80.29384255996311,17.42601622698448,23.6404833836858,5.8165548098433995,10.516927083333336,21.0900561465721
allenai/Llama-3.1-Tulu-3-8B-RM,8.0,"💬 chat models (RLHF, DPO, IFT, ...)",LlamaForSequenceClassification,16.701352411601217,2.6496699813735507,0.0,0.8948545861297527,4.252083333333335,0.912381796690307
allenai/Llama-3.1-Tulu-3-8B-SFT,8.03,"💬 chat models (RLHF, DPO, IFT, ...)",LlamaForCausalLM,74.03400754442657,13.931208168262557,11.782477341389729,3.6912751677852316,12.013020833333334,20.12965425531915
allenai/OLMo-1.7-7B-hf,0.0,❓ other,Unknown,15.68970332052288,2.7703163925041445,0.22658610271903326,0.6711409395973182,2.0695312500000003,1.374113475177304
allenai/OLMo-1B-hf,1.177,🟢 pretrained,OlmoForCausalLM,21.819660722438684,3.1965463124303173,1.7371601208459215,1.5659955257270708,9.555989583333334,1.9281914893617011
allenai/OLMo-2-1124-7B-Instruct,7.299,"💬 chat models (RLHF, DPO, IFT, ...)",Olmo2ForCausalLM,72.44034716773716,16.326772949551835,14.879154078549849,3.8031319910514525,4.687499999999999,18.578235815602834
allenai/OLMo-7B-Instruct-hf,7.0,"💬 chat models (RLHF, DPO, IFT, ...)",OlmoForCausalLM,34.72652561869174,13.159933415267032,1.3595166163141994,2.796420581655479,4.3265625,8.724881796690305
allenai/OLMo-7B-hf,6.888,🟢 pretrained,OlmoForCausalLM,27.19273749207658,5.761987041080832,1.2084592145015105,3.0201342281879207,2.0833333333333326,1.9189568557919614
allenai/OLMoE-1B-7B-0125-Instruct,6.919,🟢 pretrained,OlmoeForCausalLM,67.57436934001782,14.007956498913387,8.987915407854985,1.342281879194629,2.9812500000000006,10.16548463356974
allenai/OLMoE-1B-7B-0924,6.919,🟢 pretrained,OlmoeForCausalLM,21.847143357402803,8.308106894895777,1.6616314199395772,0.0,3.565625000000001,8.216976950354608
allenai/OLMoE-1B-7B-0924-Instruct,6.919,"💬 chat models (RLHF, DPO, IFT, ...)",OlmoeForCausalLM,46.674157901035926,14.571562821337196,2.794561933534743,2.348993288590602,6.06953125,9.731456855791961
amd/AMD-Llama-135m,0.135,🔶 fine-tuned on domain-specific datasets,LlamaForCausalLM,18.42245242622907,2.4854950529752244,0.5287009063444109,0.33557046979865535,4.912760416666667,1.8727836879432622
amd/AMD-Llama-135m,0.134,🟢 pretrained,LlamaForCausalLM,19.18431982694805,2.537952680477511,0.7552870090634441,1.1185682326621946,5.904947916666668,1.8727836879432622
argilla/notus-7b-v1,7.242,"💬 chat models (RLHF, DPO, IFT, ...)",MistralForCausalLM,50.820711268323606,22.74711196116141,3.1722054380664653,5.257270693512303,6.58541666666667,22.26285460992908
argilla/notux-8x7b-v1,46.703,"💬 chat models (RLHF, DPO, IFT, ...)",MixtralForCausalLM,54.22290633297429,34.75806168290175,9.969788519637463,7.829977628635347,10.532552083333334,29.558215130023648
argilla-warehouse/Llama-3.1-8B-MagPie-Ultra,8.03,"💬 chat models (RLHF, DPO, IFT, ...)",LlamaForCausalLM,57.565149359255656,23.516310364827646,7.7039274924471295,2.2371364653243813,4.2479166666666694,23.823507683215126
berkeley-nest/Starling-LM-7B-alpha,7.242,"💬 chat models (RLHF, DPO, IFT, ...)",MistralForCausalLM,54.80491761858535,21.95402808715926,8.38368580060423,6.263982102908276,9.501302083333334,24.128250591016545
bigcode/starcoder2-15b,15.958,🟢 pretrained,Starcoder2ForCausalLM,27.802231412651764,20.373540752678547,5.966767371601208,3.1319910514541416,2.9283854166666674,15.032136524822693
bigcode/starcoder2-3b,3.03,🟢 pretrained,Starcoder2ForCausalLM,20.370838264693234,8.909299421083569,1.5105740181268883,0.0,1.432291666666666,7.0718823877068555
bigcode/starcoder2-7b,7.174,🟢 pretrained,Starcoder2ForCausalLM,22.09193827932109,11.395110106503443,3.096676737160121,0.22371364653244186,5.8166666666666655,7.1365248226950335
bigscience/bloom-1b1,1.065,🟢 pretrained,BloomForCausalLM,13.733781920858878,4.042705269260129,0.5287009063444109,1.230425055928408,3.416666666666666,1.1986554373522447
bigscience/bloom-1b7,1.722,🟢 pretrained,BloomForCausalLM,10.438968603305895,4.39745292760164,0.5287009063444109,1.1185682326621946,6.838281250000001,0.9585549645390061
bigscience/bloom-3b,3.003,🟢 pretrained,BloomForCausalLM,12.709610500139629,3.4200982840077354,0.8308157099697886,0.0,7.891145833333333,1.4756944444444438
bigscience/bloom-560m,0.559,🟢 pretrained,BloomForCausalLM,6.202431769926019,2.885363608028119,0.3776435045317221,1.5659955257270708,8.185416666666667,1.8266105200945615
bigscience/bloom-7b1,7.069,🟢 pretrained,BloomForCausalLM,13.221696210499253,4.038808518979752,0.5287009063444109,1.9015659955257262,1.920572916666666,1.1617169030732852
cognitivecomputations/Dolphin3.0-Llama3.1-8B,8.03,🔶 fine-tuned on domain-specific datasets,LlamaForCausalLM,76.2122279994858,27.6317028058839,12.311178247734139,4.36241610738255,8.967968750000002,22.13356973995272
cognitivecomputations/Dolphin3.0-Llama3.2-1B,1.236,🔶 fine-tuned on domain-specific datasets,LlamaForCausalLM,54.27787160290252,4.657279069612183,2.794561933534743,0.0,0.9440104166666662,4.172207446808509
cognitivecomputations/Dolphin3.0-Qwen2.5-0.5B,0.494,🔶 fine-tuned on domain-specific datasets,Qwen2ForCausalLM,46.97136930012367,5.096928104575164,5.13595166163142,0.0,1.9656249999999986,4.587765957446806
cognitivecomputations/Dolphin3.0-R1-Mistral-24B,23.572,"💬 chat models (RLHF, DPO, IFT, ...)",MistralForCausalLM,40.6816136739407,33.763678263545195,31.19335347432024,5.92841163310962,7.230468750000003,22.281323877068555
cognitivecomputations/dolphin-2.9-llama3-8b,8.03,"💬 chat models (RLHF, DPO, IFT, ...)",LlamaForCausalLM,38.503393218881456,27.858929260905125,5.740181268882175,4.921700223713646,13.791406250000003,19.67715721040189
cognitivecomputations/dolphin-2.9.1-llama-3-70b,70.554,"💬 chat models (RLHF, DPO, IFT, ...)",LlamaForCausalLM,37.60167466765959,31.101151872569243,18.202416918429005,7.829977628635347,23.695312499999996,34.77578309692671
cognitivecomputations/dolphin-2.9.1-yi-1.5-34b,34.389,🔶 fine-tuned on domain-specific datasets,LlamaForCausalLM,38.52588908540451,44.17408874277273,18.65558912386707,12.416107382550338,16.97395833333334,39.09759160756501
cognitivecomputations/dolphin-2.9.1-yi-1.5-9b,8.829,🔶 fine-tuned on domain-specific datasets,LlamaForCausalLM,44.653297694561545,35.7760897255686,15.181268882175228,11.74496644295302,13.516927083333336,32.96579491725768
cognitivecomputations/dolphin-2.9.2-Phi-3-Medium,-1.0,"💬 chat models (RLHF, DPO, IFT, ...)",MistralForCausalLM,42.47762603226107,49.72194030508101,18.27794561933535,10.290827740492169,11.414843750000003,39.50391548463357
cognitivecomputations/dolphin-2.9.2-Phi-3-Medium-abliterated,13.96,🔶 fine-tuned on domain-specific datasets,MistralForCausalLM,36.12536957495002,45.44126655093765,12.386706948640484,10.402684563758392,10.363802083333335,38.820552600472816
cognitivecomputations/dolphin-2.9.2-Phi-3-Medium-abliterated,13.96,🔶 fine-tuned on domain-specific datasets,MistralForCausalLM,41.23614232458765,48.38534691270737,18.202416918429005,10.514541387024611,13.732552083333337,39.162234042553195
cognitivecomputations/dolphin-2.9.2-qwen2-72b,72.0,🔶 fine-tuned on domain-specific datasets,Qwen2ForCausalLM,63.43778950961227,47.69617372826186,28.02114803625378,15.99552572706935,17.042447916666664,49.680481678487006
cognitivecomputations/dolphin-2.9.2-qwen2-7b,7.616,"💬 chat models (RLHF, DPO, IFT, ...)",Qwen2ForCausalLM,35.34599307614906,27.914874953255538,13.444108761329304,5.369127516778524,11.65989583333333,33.89849290780142
cognitivecomputations/dolphin-2.9.3-Yi-1.5-34B-32k,34.0,🔶 fine-tuned on domain-specific datasets,LlamaForCausalLM,36.39266036339136,43.40647565235176,16.691842900302113,12.416107382550338,13.348177083333331,40.33503250591017
cognitivecomputations/dolphin-2.9.3-mistral-7B-32k,7.248,"💬 chat models (RLHF, DPO, IFT, ...)",MistralForCausalLM,41.26362495955176,26.906353891780515,5.0604229607250755,4.697986577181204,17.932552083333338,20.231235224586285
cognitivecomputations/dolphin-2.9.3-mistral-nemo-12b,12.248,🔶 fine-tuned on domain-specific datasets,MistralForCausalLM,56.008945154412515,36.08275865915292,7.401812688821751,8.7248322147651,15.20703125,26.409205082742314
cognitivecomputations/dolphin-2.9.4-gemma2-2b,2.614,"💬 chat models (RLHF, DPO, IFT, ...)",Gemma2ForCausalLM,8.955127949396491,17.3676325443774,4.909365558912387,4.5861297539149914,10.912760416666666,12.28021572104019
cognitivecomputations/dolphin-2.9.4-llama3.1-8b,8.03,🔶 fine-tuned on domain-specific datasets,LlamaForCausalLM,27.572396796056683,8.972088688921525,1.2084592145015105,1.7897091722595053,0.6184895833333329,2.6300236406619386
databricks/dbrx-base,0.0,❓ other,Unknown,8.214723926380369,32.60853758169935,10.0,10.222222222222221,9.333333333333334,27.777777777777775
databricks/dbrx-instruct,131.597,"💬 chat models (RLHF, DPO, IFT, ...)",DbrxForCausalLM,54.157967526163915,35.96381960359357,6.873111782477341,12.192393736017896,12.19921875,29.807550236406616
databricks/dolly-v1-6b,6.0,🟢 pretrained,GPTJForCausalLM,22.244311759464885,4.7813091701327,1.8882175226586102,1.9015659955257262,8.118750000000002,2.953235815602837
databricks/dolly-v2-12b,12.0,🔶 fine-tuned on domain-specific datasets,GPTNeoXForCausalLM,23.550734273948677,6.377894137452961,1.3595166163141994,0.0,5.504947916666668,1.4295212765957446
databricks/dolly-v2-3b,3.0,🔶 fine-tuned on domain-specific datasets,GPTNeoXForCausalLM,22.471597583301197,3.3247689565453875,1.5105740181268883,1.4541387024608499,3.2226562499999996,1.6142139479905429
databricks/dolly-v2-7b,7.0,🔶 fine-tuned on domain-specific datasets,GPTNeoXForCausalLM,20.098560707810833,5.449892512817211,1.4350453172205437,2.460850111856823,2.779427083333333,1.6603871158392434
deepseek-ai/DeepSeek-R1-Distill-Llama-70B,70.554,"💬 chat models (RLHF, DPO, IFT, ...)",LlamaForCausalLM,43.35939750971866,35.81986234433108,30.74018126888218,2.0134228187919474,13.277343749999998,41.64635047281324
deepseek-ai/DeepSeek-R1-Distill-Llama-8B,8.03,🔶 fine-tuned on domain-specific datasets,LlamaForCausalLM,37.82397372305483,5.325247153240706,21.978851963746223,0.6711409395973182,0.45572916666666624,12.10475768321513
deepseek-ai/DeepSeek-R1-Distill-Qwen-1.5B,1.777,"💬 chat models (RLHF, DPO, IFT, ...)",Qwen2ForCausalLM,34.63410417691725,4.729119207646243,16.91842900302115,0.7829977628635317,2.9656249999999993,2.0759456264775418
deepseek-ai/DeepSeek-R1-Distill-Qwen-14B,14.77,🔶 fine-tuned on domain-specific datasets,Qwen2ForCausalLM,43.81651795015004,40.69076685552542,57.02416918429003,18.34451901565996,28.711458333333326,40.74135638297872
deepseek-ai/DeepSeek-R1-Distill-Qwen-32B,32.764,🔶 fine-tuned on domain-specific datasets,Qwen2ForCausalLM,41.86314534324481,17.149673765590364,17.069486404833835,4.5861297539149914,16.1421875,40.962987588652474
deepseek-ai/DeepSeek-R1-Distill-Qwen-7B,7.616,"💬 chat models (RLHF, DPO, IFT, ...)",Qwen2ForCausalLM,40.3768667136531,7.882702983365756,19.561933534743204,3.9149888143176734,3.5518229166666675,14.681220449172578
deepseek-ai/deepseek-llm-67b-chat,67.0,"💬 chat models (RLHF, DPO, IFT, ...)",LlamaForCausalLM,55.87153197959192,33.22524192534525,9.290030211480364,8.83668903803132,23.93307291666666,32.70722517730496
deepseek-ai/deepseek-llm-7b-base,7.0,🟢 pretrained,LlamaForCausalLM,21.787191319033496,9.76792479590425,1.9637462235649545,3.1319910514541416,3.755989583333332,8.955747635933804
deepseek-ai/deepseek-llm-7b-chat,7.0,"💬 chat models (RLHF, DPO, IFT, ...)",LlamaForCausalLM,41.70822307034224,11.258949371501748,2.0392749244712993,2.1252796420581683,19.21302083333333,12.594193262411347
deepseek-ai/deepseek-moe-16b-base,16.376,🟢 pretrained,DeepseekForCausalLM,24.497444558216642,8.355555779389382,2.416918429003021,0.5592841163310973,3.3559895833333346,5.612810283687943
deepseek-ai/deepseek-moe-16b-chat,16.376,"💬 chat models (RLHF, DPO, IFT, ...)",DeepseekForCausalLM,36.629919724109804,6.573749026890635,2.56797583081571,0.0,5.261718750000001,10.710328014184398
distilbert/distilgpt2,0.088,🟢 pretrained,GPT2LMHeadModel,6.110010328151527,2.835219845513963,0.6042296072507553,1.230425055928408,11.1578125,2.0759456264775418
facebook/opt-1.3b,1.3,🟢 pretrained,OPTForCausalLM,23.83298536771322,3.6480520895226785,0.906344410876133,0.0,2.0833333333333326,1.1894208037825047
facebook/opt-30b,30.0,🟢 pretrained,OPTForCausalLM,24.52991396162183,3.4984293851759607,1.0574018126888218,2.572706935123044,4.185416666666667,1.8173758865248217
google/codegemma-1.1-2b,2.506,🟢 pretrained,GemmaForCausalLM,22.936253584932423,7.551225280004151,1.283987915407855,2.0134228187919474,5.9265625,3.0917553191489344
google/flan-t5-base,0.248,🟢 pretrained,T5ForConditionalGeneration,18.907055501624576,11.337693677304879,1.0574018126888218,0.0,3.2226562499999996,3.9690455082742293
google/flan-t5-large,0.783,🟢 pretrained,T5ForConditionalGeneration,22.009490374428736,17.510018280067285,1.4350453172205437,0.11185682326622093,9.007031249999999,7.87529550827423
google/flan-t5-small,0.077,🟢 pretrained,T5ForConditionalGeneration,15.24255641697363,6.36311196167965,0.7552870090634441,1.4541387024608499,10.36979166666667,2.5930851063829774
google/flan-t5-xl,2.85,🟢 pretrained,T5ForConditionalGeneration,22.374189373085635,22.695055811215397,0.7552870090634441,0.33557046979865535,11.328385416666668,12.741947399527188
google/flan-t5-xl,2.85,🟢 pretrained,T5ForConditionalGeneration,22.06944241279804,22.837587663523298,0.07552870090634442,0.0,11.853906250000001,12.686539598108748
google/flan-t5-xxl,11.267,🔶 fine-tuned on domain-specific datasets,T5ForConditionalGeneration,22.00450360598767,30.119255600105877,1.0574018126888218,2.684563758389265,11.185416666666669,14.921320921985814
google/flan-ul2,19.46,🟢 pretrained,T5ForConditionalGeneration,23.925406809487715,30.02029012567709,0.906344410876133,5.033557046979867,5.577604166666667,16.592789598108748
google/gemma-1.1-2b-it,2.506,"💬 chat models (RLHF, DPO, IFT, ...)",GemmaForCausalLM,30.674831668860847,5.862826722774347,1.812688821752266,2.572706935123044,2.024479166666666,5.372709810874704
google/gemma-1.1-7b-it,8.538,"💬 chat models (RLHF, DPO, IFT, ...)",GemmaForCausalLM,50.391073462856326,15.93420938501317,4.909365558912387,5.8165548098433995,11.510937500000002,17.5993646572104
google/gemma-2-27b,27.227,🟢 pretrained,Gemma2ForCausalLM,24.75221301701707,37.390737454186464,16.61631419939577,13.422818791946312,13.921093749999997,37.4538268321513
google/gemma-2-27b-it,27.227,"💬 chat models (RLHF, DPO, IFT, ...)",Gemma2ForCausalLM,79.77677008116243,49.27284215130387,23.867069486404834,16.666666666666664,9.112760416666667,38.34958628841608
google/gemma-2-2b,2.614,🟢 pretrained,InternLM2ForCausalLM,19.931226922343825,11.755807532236112,2.8700906344410875,1.6778523489932917,11.430468750000001,13.111332742316787
google/gemma-2-2b,2.614,🟢 pretrained,InternLM2ForCausalLM,20.176021844262113,12.497306228573644,3.0211480362537766,1.6778523489932917,11.267708333333333,13.51765661938534
google/gemma-2-2b-it,2.614,🔶 fine-tuned on domain-specific datasets,InternLM2ForCausalLM,56.68337788179808,17.980792881523424,0.0755287009063444,3.243847874720355,7.077343750000001,17.22074468085106
google/gemma-2-2b-jpn-it,2.614,🟢 pretrained,Gemma2ForCausalLM,50.778268328036276,18.525626449832735,3.474320241691843,4.697986577181204,7.681510416666669,17.53472222222222
google/gemma-2-2b-jpn-it,2.614,"💬 chat models (RLHF, DPO, IFT, ...)",Gemma2ForCausalLM,52.88401441508531,17.848086390818036,4.758308157099698,3.355704697986576,4.928385416666668,16.297281323877066
google/gemma-2-9b,9.0,🟢 pretrained,Gemma2ForCausalLM,20.398320899657357,34.09681853589784,13.444108761329304,10.514541387024611,14.297656250000001,34.48027482269504
google/gemma-2-9b-it,9.0,"💬 chat models (RLHF, DPO, IFT, ...)",Gemma2ForCausalLM,74.35626360279613,42.136619683664655,19.486404833836858,14.76510067114094,9.742187500000002,31.949985224586293
google/gemma-2b,2.506,🟢 pretrained,GemmaForCausalLM,20.375825033134305,8.246263426638125,3.0211480362537766,0.6711409395973182,7.555989583333336,4.061391843971631
google/gemma-2b-it,2.506,"💬 chat models (RLHF, DPO, IFT, ...)",GemmaForCausalLM,26.902950837112197,5.214303022163619,2.0392749244712993,3.8031319910514525,3.0322916666666675,3.9228723404255303
google/gemma-7b,8.538,🟢 pretrained,GemmaForCausalLM,26.593217108383534,21.11609932329174,7.401812688821751,4.921700223713646,10.979947916666669,21.644134160756497
google/gemma-7b-it,8.538,"💬 chat models (RLHF, DPO, IFT, ...)",GemmaForCausalLM,38.68324933398937,11.940832085290182,2.9456193353474323,4.5861297539149914,12.528385416666667,7.7183067375886525
google/mt5-base,0.39,🔶 fine-tuned on domain-specific datasets,MT5ForConditionalGeneration,16.45157072124186,1.29855138817669,0.906344410876133,0.0,2.8677083333333346,0.7738622931442081
google/mt5-small,0.17,🔶 fine-tuned on domain-specific datasets,MT5ForConditionalGeneration,17.180968718555654,1.0709714795008913,0.0,0.0,5.91875,1.3648788416075646
google/mt5-xl,3.23,🔶 fine-tuned on domain-specific datasets,MT5ForConditionalGeneration,19.596448534333348,3.2824619143354035,0.0,1.9015659955257262,5.040104166666665,1.3279403073286051
google/mt5-xxl,11.9,🔶 fine-tuned on domain-specific datasets,T5ForConditionalGeneration,23.575668116154027,2.504710800447747,0.0,0.0,3.5518229166666675,0.9862588652482256
google/recurrentgemma-2b,2.683,🟢 pretrained,RecurrentGemmaForCausalLM,30.170281519701057,4.8203622310347365,2.0392749244712993,0.0,3.1049479166666667,1.9558953900709206
google/recurrentgemma-2b-it,2.683,"💬 chat models (RLHF, DPO, IFT, ...)",RecurrentGemmaForCausalLM,29.493299999556733,7.978763840391559,1.9637462235649545,0.44742729306487633,3.6244791666666676,4.467715721040189
google/recurrentgemma-9b,9.0,🟢 pretrained,RecurrentGemmaForCausalLM,31.15943474425635,15.323368888997413,6.646525679758309,4.697986577181204,6.599218750000001,17.830230496453904
google/recurrentgemma-9b-it,9.0,"💬 chat models (RLHF, DPO, IFT, ...)",RecurrentGemmaForCausalLM,50.10383560065072,21.621580084740117,6.646525679758309,2.684563758389265,13.771614583333337,20.480570330969268
google/switch-base-8,0.62,🔶 fine-tuned on domain-specific datasets,SwitchTransformersForConditionalGeneration,15.852050337548814,1.7024781049821334,0.0,0.0,1.133333333333333,1.087839834515365
google/umt5-base,-1.0,🔶 fine-tuned on domain-specific datasets,UMT5ForConditionalGeneration,17.463219812320197,0.8135531788472962,0.4531722054380665,0.5592841163310973,0.9440104166666662,0.8662086288416063
gpt2,0.137,🟢 pretrained,GPT2LMHeadModel,19.34168007553292,2.7142978473877357,0.3021148036253776,1.342281879194629,12.985416666666667,1.6603871158392434
gpt2,0.137,🟢 pretrained,GPT2LMHeadModel,8.333333333333332,9.199754901960786,0.0,0.0,18.333333333333332,0.0
gradientai/Llama-3-8B-Instruct-Gradient-1048k,8.03,"💬 chat models (RLHF, DPO, IFT, ...)",LlamaForCausalLM,44.55588948434598,21.01052898715872,5.362537764350453,3.6912751677852316,13.518749999999997,21.56102245862884
ibm/PowerLM-3b,3.512,🟢 pretrained,GraniteForCausalLM,33.21276435413591,12.02206036323482,3.625377643504532,3.355704697986576,5.6364583333333345,11.292109929078013
ibm/merlinite-7b,7.242,"💬 chat models (RLHF, DPO, IFT, ...)",MistralForCausalLM,24.98703440205322,29.97724776968684,2.416918429003021,6.263982102908276,13.877864583333334,22.983156028368796
ibm-granite/granite-3.0-1b-a400m-base,1.335,🟢 pretrained,GraniteForCausalLM,24.040324117785254,6.055007672005359,2.643504531722054,0.0,1.7578124999999993,1.6880910165484628
ibm-granite/granite-3.0-1b-a400m-instruct,1.335,"💬 chat models (RLHF, DPO, IFT, ...)",GraniteForCausalLM,33.31515933279255,5.453219408698861,2.794561933534743,1.4541387024608499,2.6851562500000004,2.713135342789597
ibm-granite/granite-3.0-2b-base,2.634,🟢 pretrained,GraniteForCausalLM,38.738214603917605,17.563749725828334,5.438066465256798,4.026845637583901,3.461718750000001,15.346114066193852
ibm-granite/granite-3.0-2b-instruct,2.634,"💬 chat models (RLHF, DPO, IFT, ...)",GraniteForCausalLM,51.3977357854936,21.73789141090241,9.214501510574017,6.599552572706939,1.2695312499999996,20.15735815602837
ibm-granite/granite-3.0-3b-a800m-base,3.374,🟢 pretrained,GraniteForCausalLM,27.32261510569733,11.3484424218006,4.833836858006042,0.22371364653244186,3.312760416666667,9.89768026004728
ibm-granite/granite-3.0-3b-a800m-instruct,3.374,"💬 chat models (RLHF, DPO, IFT, ...)",GraniteForCausalLM,42.982176181420854,13.163009595010001,7.02416918429003,4.138702460850116,2.0833333333333326,12.797355200945626
ibm-granite/granite-3.0-8b-base,8.171,🟢 pretrained,GraniteForCausalLM,45.83482936386566,27.974358298982427,10.120845921450151,10.067114093959727,10.450260416666664,25.69813829787234
ibm-granite/granite-3.0-8b-instruct,8.171,"💬 chat models (RLHF, DPO, IFT, ...)",GraniteForCausalLM,53.09633993359841,31.588159064715125,14.19939577039275,10.96196868008949,7.024479166666669,27.295729905437348
ibm-granite/granite-3.1-1b-a400m-base,1.335,🟢 pretrained,GraniteMoeForCausalLM,25.194373152125248,6.429845005402345,2.719033232628399,0.22371364653244186,1.7578124999999993,1.549571513002364
ibm-granite/granite-3.1-1b-a400m-instruct,1.335,"💬 chat models (RLHF, DPO, IFT, ...)",GraniteMoeForCausalLM,46.86398755302597,6.178183215904788,4.531722054380665,0.0,0.7812499999999996,2.40839243498818
ibm-granite/granite-3.1-2b-base,2.534,🟢 pretrained,GraniteForCausalLM,35.216115462528315,16.843689846888516,5.664652567975831,3.6912751677852316,3.9049479166666674,13.89627659574468
ibm-granite/granite-3.1-2b-instruct,2.534,"💬 chat models (RLHF, DPO, IFT, ...)",GraniteForCausalLM,62.8557782240012,21.822956140794506,15.256797583081571,5.257270693512303,4.867708333333335,20.212765957446805
ibm-granite/granite-3.1-3b-a800m-base,3.299,🟢 pretrained,GraniteMoeForCausalLM,29.96294276962903,11.905605199489822,4.531722054380665,3.6912751677852316,1.1067708333333328,8.807993498817966
ibm-granite/granite-3.1-3b-a800m-instruct,3.299,"💬 chat models (RLHF, DPO, IFT, ...)",GraniteMoeForCausalLM,55.164629848801184,16.687236366660443,11.404833836858005,5.145413870246088,2.512760416666666,12.751182033096924
ibm-granite/granite-3.1-8b-base,8.171,🟢 pretrained,GraniteForCausalLM,42.21033524381973,26.01958867101177,9.441087613293051,9.507829977628639,8.36197916666667,24.802378841607563
ibm-granite/granite-3.1-8b-instruct,8.171,"💬 chat models (RLHF, DPO, IFT, ...)",GraniteForCausalLM,72.07564816908027,34.089655299414055,21.978851963746223,8.277404921700223,19.00520833333333,28.191489361702125
ibm-granite/granite-3.2-2b-instruct,2.534,"💬 chat models (RLHF, DPO, IFT, ...)",GraniteForCausalLM,61.51688630611223,21.668268416036614,14.425981873111782,5.369127516778524,4.704947916666668,19.815676713947987
ibm-granite/granite-3.2-8b-instruct,8.171,"💬 chat models (RLHF, DPO, IFT, ...)",GraniteForCausalLM,72.74509412802476,34.65536965519957,23.791540785498487,8.7248322147651,16.791406250000005,27.914450354609933
ibm-granite/granite-7b-base,6.738,🟢 pretrained,LlamaForCausalLM,24.142719096441887,9.050800002899097,1.5861027190332326,0.0,3.4028645833333346,9.269725177304965
ibm-granite/granite-7b-instruct,6.738,"💬 chat models (RLHF, DPO, IFT, ...)",LlamaForCausalLM,29.72313461615181,12.639328702465264,2.0392749244712993,4.697986577181204,8.816666666666668,14.293365839243496
internlm/internlm2-1_8b,8.0,🟢 pretrained,InternLM2ForCausalLM,21.97702097102355,13.633857965906719,2.1148036253776437,0.0,8.226822916666668,6.536273640661936
internlm/internlm2-7b,0.0,❓ other,Unknown,22.803680981595093,40.27619825708061,8.571428571428571,11.555555555555557,14.333333333333329,10.0
internlm/internlm2-chat-1_8b,1.889,"💬 chat models (RLHF, DPO, IFT, ...)",InternLM2ForCausalLM,23.865454771118408,20.67235743256185,3.2477341389728096,2.1252796420581683,4.61484375,9.325132978723403
internlm/internlm2_5-1_8b-chat,1.89,"💬 chat models (RLHF, DPO, IFT, ...)",InternLM2ForCausalLM,38.490870889240554,21.03092693656956,15.861027190332328,5.369127516778524,4.424479166666669,3.322621158392436
internlm/internlm2_5-20b-chat,19.86,"💬 chat models (RLHF, DPO, IFT, ...)",InternLM2ForCausalLM,70.09977969565199,62.83245915287989,40.78549848942598,9.507829977628639,16.744531249999994,33.30747635933806
internlm/internlm2_5-7b-chat,7.738,"💬 chat models (RLHF, DPO, IFT, ...)",InternLM2ForCausalLM,55.386928904196424,57.04314320825679,25.302114803625376,12.975391498881436,16.28984375,30.851063829787233
kyutai/helium-1-preview-2b,2.173,🟢 pretrained,HeliumForCausalLM,26.136096667952145,10.945139672307278,1.3595166163141994,3.8031319910514525,4.036458333333333,9.694518321513002
lmsys/vicuna-13b-v1.3,13.0,🔶 fine-tuned on domain-specific datasets,LlamaForCausalLM,33.43506340953115,7.4897893116292105,1.4350453172205437,2.348993288590602,4.091145833333333,13.813164893617023
lmsys/vicuna-7b-v1.3,7.0,🔶 fine-tuned on domain-specific datasets,LlamaForCausalLM,29.086158060612505,6.461378796018201,1.283987915407855,0.0,5.0166666666666675,9.306663711583923
lmsys/vicuna-7b-v1.5,7.0,🔶 fine-tuned on domain-specific datasets,LlamaForCausalLM,23.515716077784724,15.15250931284372,1.3595166163141994,1.1185682326621946,11.422656250000001,12.741947399527188
meta-llama/Llama-2-13b-chat-hf,13.016,"💬 chat models (RLHF, DPO, IFT, ...)",LlamaForCausalLM,39.8472719052115,7.155379968626988,1.3595166163141994,0.0,8.1578125,10.257830969267138
meta-llama/Llama-2-13b-hf,13.016,🟢 pretrained,LlamaForCausalLM,24.824687385027282,17.222559825058127,1.5105740181268883,4.138702460850116,3.385416666666666,15.309175531914892
meta-llama/Llama-2-70b-chat-hf,68.977,"💬 chat models (RLHF, DPO, IFT, ...)",LlamaForCausalLM,49.57922756065019,4.613767082590614,2.9456193353474323,1.9015659955257262,3.4833333333333356,15.918661347517732
meta-llama/Llama-2-70b-hf,68.977,🟢 pretrained,LlamaForCausalLM,24.06780675274937,35.900061863721675,3.2477341389728096,7.046979865771815,9.777604166666668,30.1954048463357
meta-llama/Llama-2-7b-chat-hf,6.738,🟢 pretrained,LlamaForCausalLM,39.86478100329349,4.459171645959485,1.9637462235649545,0.44742729306487633,3.27734375,7.644429669030731
meta-llama/Llama-2-7b-hf,6.738,🟢 pretrained,LlamaForCausalLM,25.18938638368418,10.35141665784897,1.7371601208459215,2.2371364653243813,3.7578125,9.56523345153664
meta-llama/Llama-3.1-70B,70.554,🟢 pretrained,LlamaForCausalLM,16.843752354862875,46.39941295581887,18.429003021148038,18.34451901565996,16.581770833333337,40.602836879432616
meta-llama/Llama-3.1-70B-Instruct,70.554,"💬 chat models (RLHF, DPO, IFT, ...)",LlamaForCausalLM,86.6885419575615,55.92799173898473,38.066465256797585,14.205816554809845,17.691145833333334,47.87972813238771
meta-llama/Llama-3.1-8B,8.03,🔶 fine-tuned on domain-specific datasets,LlamaForCausalLM,12.459828809780273,25.30447063475493,6.570996978851963,8.05369127516779,8.715104166666668,25.42109929078014
meta-llama/Llama-3.1-8B-Instruct,8.03,🟢 pretrained,LlamaForCausalLM,49.217077354752064,29.379192497334035,15.55891238670695,8.7248322147651,8.611197916666667,31.091164302600465
meta-llama/Llama-3.2-1B,1.24,🟢 pretrained,LlamaForCausalLM,14.777900415342401,4.366029656556756,1.2084592145015105,0.0,2.5578125000000003,2.2606382978723394
meta-llama/Llama-3.2-1B-Instruct,1.24,"💬 chat models (RLHF, DPO, IFT, ...)",LlamaForCausalLM,56.9831380736446,8.742521312303046,7.02416918429003,3.355704697986576,2.973437500000001,7.579787234042552
meta-llama/Llama-3.2-3B,3.213,🟢 pretrained,LlamaForCausalLM,13.374069690643047,14.232664884364107,1.8882175226586102,2.348993288590602,3.8148437499999996,16.528147163120565
meta-llama/Llama-3.2-3B-Instruct,3.213,"💬 chat models (RLHF, DPO, IFT, ...)",LlamaForCausalLM,73.93161256576994,24.059186446885473,17.673716012084594,3.8031319910514525,1.3734374999999996,24.386820330969268
meta-llama/Llama-3.3-70B-Instruct,70.554,"💬 chat models (RLHF, DPO, IFT, ...)",LlamaForCausalLM,89.97581971391463,56.561410788022194,48.338368580060425,10.514541387024611,15.565624999999999,48.12906323877069
meta-llama/Meta-Llama-3-70B,70.554,🟢 pretrained,LlamaForCausalLM,16.031906452656727,48.709812647505885,18.580060422960727,19.686800894854585,16.011197916666664,41.21232269503546
meta-llama/Meta-Llama-3-70B-Instruct,70.554,"💬 chat models (RLHF, DPO, IFT, ...)",LlamaForCausalLM,80.99077115387172,50.18513318440344,24.47129909365559,4.921700223713646,10.92057291666667,46.74386820330969
meta-llama/Meta-Llama-3-8B,8.03,🟢 pretrained,LlamaForCausalLM,14.550614591506093,24.50076379676797,4.531722054380665,7.38255033557047,6.242447916666666,24.553043735224584
meta-llama/Meta-Llama-3-8B-Instruct,8.03,"💬 chat models (RLHF, DPO, IFT, ...)",LlamaForCausalLM,74.08398604591373,28.244949576343615,8.685800604229607,1.230425055928408,1.602864583333335,29.604388297872337
meta-llama/Meta-Llama-3-8B-Instruct,8.03,"💬 chat models (RLHF, DPO, IFT, ...)",LlamaForCausalLM,47.823220166934846,26.795283502573653,9.138972809667674,5.7046979865771785,5.401041666666668,28.791740543735223
microsoft/DialoGPT-medium,0.345,"💬 chat models (RLHF, DPO, IFT, ...)",GPT2LMHeadModel,14.79042274498331,2.5568557723352243,0.0,0.5592841163310973,12.283333333333333,1.3187056737588652
microsoft/Orca-2-13b,13.0,🔶 fine-tuned on domain-specific datasets,LlamaForCausalLM,31.27933882099496,27.308019499942578,3.1722054380664653,4.026845637583895,25.787760416666668,19.437056737588648
microsoft/Orca-2-7b,7.0,🔶 fine-tuned on domain-specific datasets,LlamaForCausalLM,21.83462102776189,22.429468402818458,1.9637462235649545,1.4541387024608499,24.093489583333326,14.653516548463358
microsoft/Phi-3-medium-128k-instruct,13.96,"💬 chat models (RLHF, DPO, IFT, ...)",Phi3ForCausalLM,60.400293443618494,48.46045127399018,19.184290030211482,11.521252796420578,11.351822916666663,41.24002659574468
microsoft/Phi-3-medium-4k-instruct,13.96,"💬 chat models (RLHF, DPO, IFT, ...)",Phi3ForCausalLM,64.22713954529537,49.38061007422016,19.561933534743204,11.521252796420578,13.052083333333334,40.84293735224587
microsoft/Phi-3-mini-128k-instruct,3.821,"💬 chat models (RLHF, DPO, IFT, ...)",Phi3ForCausalLM,59.76331688807919,37.09976663224031,14.04833836858006,9.060402684563762,7.710937500000003,30.38009751773049
microsoft/Phi-3-mini-4k-instruct,3.821,"💬 chat models (RLHF, DPO, IFT, ...)",Phi3ForCausalLM,56.12884923115112,39.2693352377728,11.63141993957704,9.284116331096197,7.644270833333336,31.848404255319146
microsoft/Phi-3-mini-4k-instruct,3.821,"💬 chat models (RLHF, DPO, IFT, ...)",Phi3ForCausalLM,54.76746144673909,36.55985530518785,16.389728096676738,10.96196868008949,13.118749999999997,33.57528073286053
microsoft/Phi-3-small-128k-instruct,7.392,"💬 chat models (RLHF, DPO, IFT, ...)",Phi3SmallForCausalLM,63.68258443153056,45.63406964144793,20.26086956521739,8.948545861297541,14.49713541666666,38.783614066193856
microsoft/Phi-3-small-8k-instruct,7.392,"💬 chat models (RLHF, DPO, IFT, ...)",Phi3SmallForCausalLM,64.96651107949131,46.205570366389075,18.869565217391305,8.277404921700223,16.77395833333333,38.95907210401891
microsoft/Phi-3.5-MoE-instruct,42.0,"💬 chat models (RLHF, DPO, IFT, ...)",Phi3ForCausalLM,69.2454908531585,48.77464635932187,31.19335347432024,14.093959731543624,17.326562499999998,40.639775413711575
microsoft/Phi-3.5-mini-instruct,3.821,"💬 chat models (RLHF, DPO, IFT, ...)",Phi3ForCausalLM,57.74500547436358,36.74585390851661,19.637462235649547,11.968680089485462,10.098958333333334,32.91038711583924
microsoft/Phi-4-mini-instruct,3.836,"💬 chat models (RLHF, DPO, IFT, ...)",Phi3ForCausalLM,73.77923908562614,38.73553611173529,16.993957703927492,7.941834451901568,6.446093750000002,32.5779403073286
microsoft/phi-1,1.418,🟢 pretrained,PhiForCausalLM,20.6805719934219,4.273999212214679,0.9818731117824773,2.0134228187919474,3.697135416666667,1.798906619385342
microsoft/phi-1_5,1.418,🟢 pretrained,PhiForCausalLM,20.32839532440591,7.468938770070243,1.812688821752266,2.348993288590602,3.385416666666666,7.6813682033096935
microsoft/phi-2,2.78,🟢 pretrained,PhiForCausalLM,27.3875539125077,28.038519293439304,2.9456193353474323,2.9082774049216997,13.83697916666666,18.088800236406616
microsoft/phi-4,14.66,🟢 pretrained,Phi3ForCausalLM,4.878500157360248,52.57567157258284,27.870090634441087,20.134228187919465,23.719270833333326,47.722739361702125
microsoft/phi-4,14.66,"💬 chat models (RLHF, DPO, IFT, ...)",Phi3ForCausalLM,5.852693076592331,52.42784845820486,31.64652567975831,20.805369127516784,23.7859375,47.630393026004725
mistral-community/Mistral-7B-v0.2,7.242,🟢 pretrained,MistralForCausalLM,22.663976028050016,23.950865383029594,3.0211480362537766,5.592841163310966,8.363802083333333,21.699541962174944
mistral-community/Mixtral-8x22B-v0.1,0.0,❓ other,Unknown,31.665644171779142,12.647903050108935,15.428571428571427,10.666666666666668,1.6666666666666659,28.888888888888893
mistral-community/mixtral-8x22B-v0.3,140.63,🟢 pretrained,MixtralForCausalLM,25.826362939223486,45.73104089763324,18.35347432024169,17.00223713646532,7.462239583333335,40.4366134751773
mistralai/Codestral-22B-v0.1,22.247,🟢 pretrained,MistralForCausalLM,57.717522839399464,30.737634411945635,10.045317220543806,6.487695749440718,10.738541666666668,23.95279255319149
mistralai/Ministral-8B-Instruct-2410,8.02,"💬 chat models (RLHF, DPO, IFT, ...)",MistralForCausalLM,58.963993315513946,25.82477440941784,19.561933534743204,4.5861297539149914,10.718750000000005,25.458037825059098
mistralai/Mistral-7B-Instruct-v0.1,7.242,"💬 chat models (RLHF, DPO, IFT, ...)",MistralForCausalLM,44.87060998151571,7.647020535827543,2.2658610271903323,0.0,6.12838541666667,15.715499408983453
mistralai/Mistral-7B-Instruct-v0.2,7.242,"💬 chat models (RLHF, DPO, IFT, ...)",MistralForCausalLM,54.96227786717022,22.910601936713604,3.0211480362537766,3.467561521252797,7.608854166666667,19.076906028368796
mistralai/Mistral-7B-Instruct-v0.3,7.248,"💬 chat models (RLHF, DPO, IFT, ...)",MistralForCausalLM,54.652544138441556,25.56911494885904,3.8519637462235647,3.9149888143176734,4.304947916666669,23.057033096926716
mistralai/Mistral-7B-v0.1,7.242,🟢 pretrained,MistralForCausalLM,23.855481234236272,22.0182553990746,2.9456193353474323,5.592841163310966,10.675520833333335,22.364435579196215
mistralai/Mistral-7B-v0.3,7.248,🟢 pretrained,MistralForCausalLM,22.663976028050016,24.03725427191849,3.0211480362537766,5.592841163310966,8.363802083333333,21.699541962174944
mistralai/Mistral-Large-Instruct-2411,122.61,"💬 chat models (RLHF, DPO, IFT, ...)",MistralForCausalLM,84.00577135334247,52.7448919952634,49.546827794561935,24.94407158836689,17.216666666666665,50.687056737588655
mistralai/Mistral-Nemo-Base-2407,11.58,🟢 pretrained,MistralForCausalLM,16.299197241098064,29.374736440966874,5.966767371601208,5.8165548098433995,6.516927083333336,27.46195330969267
mistralai/Mistral-Nemo-Instruct-2407,12.248,"💬 chat models (RLHF, DPO, IFT, ...)",MistralForCausalLM,63.80248850826917,29.679970381152803,12.688821752265861,5.369127516778524,8.483333333333333,27.969858156028373
mistralai/Mistral-Small-24B-Base-2501,23.572,🟢 pretrained,MistralForCausalLM,16.723848278124265,48.53757597081616,19.71299093655589,18.34451901565996,10.891666666666667,48.96018026004729
mistralai/Mistral-Small-Instruct-2409,22.05,"💬 chat models (RLHF, DPO, IFT, ...)",MistralForCausalLM,66.69758463100129,30.7920960925092,14.350453172205437,9.843400447427292,3.001041666666666,32.89191784869976
mistralai/Mistral-Small-Instruct-2409,22.247,🔶 fine-tuned on domain-specific datasets,MistralForCausalLM,62.82829558903709,40.559713034899204,20.39274924471299,11.073825503355701,10.225000000000001,34.43410165484633
mistralai/Mixtral-8x22B-Instruct-v0.1,140.621,"💬 chat models (RLHF, DPO, IFT, ...)",MixtralForCausalLM,71.83584001560305,44.11434558724835,18.731117824773413,16.442953020134222,13.489322916666664,38.70050236406619
mistralai/Mixtral-8x22B-v0.1,140.621,🟢 pretrained,MixtralForCausalLM,25.826362939223486,45.58840384342722,18.35347432024169,16.778523489932887,7.462239583333335,40.4366134751773
mistralai/Mixtral-8x7B-Instruct-v0.1,46.703,"💬 chat models (RLHF, DPO, IFT, ...)",MixtralForCausalLM,55.991436056330535,29.742398380967334,9.138972809667674,7.046979865771815,11.073697916666667,29.909131205673756
mistralai/Mixtral-8x7B-v0.1,46.703,🟢 pretrained,MixtralForCausalLM,24.152692633324023,30.294194918961484,10.196374622356496,8.501118568232664,12.58359375,31.663711583924346
mistralai/Mixtral-8x7B-v0.1,46.703,🔶 fine-tuned on domain-specific datasets,MixtralForCausalLM,23.260947618984297,30.4002992674255,9.365558912386707,9.395973154362418,13.6640625,31.903812056737586
mlabonne/Daredevil-8B-abliterated,8.03,🔶 fine-tuned on domain-specific datasets,LlamaForCausalLM,44.2636648536993,19.865777111108127,9.441087613293051,5.369127516778524,9.17760416666667,30.010712174940902
mlabonne/Meta-Llama-3.1-8B-Instruct-abliterated,8.03,🔶 fine-tuned on domain-specific datasets,LlamaForCausalLM,73.29463601023062,27.12916478111247,6.873111782477341,0.8948545861297527,3.2106770833333336,27.812869385342786
mlabonne/NeuralDaredevil-8B-abliterated,8.03,🤝 base merges and moerges,LlamaForCausalLM,75.60772084735169,30.30798586214647,9.06344410876133,7.494407158836691,9.075520833333337,31.57136524822695
mlabonne/NeuralDaredevil-8B-abliterated,8.03,🔶 fine-tuned on domain-specific datasets,LlamaForCausalLM,41.6233371897676,29.763198395755456,8.534743202416918,7.046979865771815,10.903124999999996,31.128102836879428
mlabonne/OrpoLlama-3-8B,8.03,"💬 chat models (RLHF, DPO, IFT, ...)",LlamaForCausalLM,36.52752474545318,21.95410762879941,5.589123867069486,3.9149888143176734,4.0088541666666675,18.947621158392433
mlabonne/phixtral-2x2_8,4.458,🤝 base merges and moerges,PhiForCausalLM,34.31184811854767,28.502644855771297,3.5498489425981874,2.0134228187919474,7.710937500000003,17.229979314420802
mosaicml/mpt-7b,7.0,🟢 pretrained,MPTForCausalLM,21.51990053059216,6.550600790794161,1.5861027190332326,1.342281879194629,2.904947916666668,2.288342198581559
nvidia/AceInstruct-1.5B,1.777,🔶 fine-tuned on domain-specific datasets,Qwen2ForCausalLM,39.47758613811354,15.468561041610593,31.268882175226587,2.9082774049216997,2.0833333333333326,17.48854905437352
nvidia/AceInstruct-72B,72.706,🔶 fine-tuned on domain-specific datasets,Qwen2ForCausalLM,71.1888899231816,44.20381994540313,62.61329305135952,9.507829977628639,11.875520833333338,43.04078014184397
nvidia/AceInstruct-7B,7.616,🔶 fine-tuned on domain-specific datasets,Qwen2ForCausalLM,54.22290633297429,36.57481399081368,52.94561933534743,7.606263982102905,11.6875,35.30215721040189
nvidia/AceMath-1.5B-Instruct,1.777,"💬 chat models (RLHF, DPO, IFT, ...)",Qwen2ForCausalLM,32.1236541266063,16.762509591549986,52.87009063444109,3.243847874720355,4.320572916666668,11.818484042553191
nvidia/AceMath-72B-Instruct,72.706,"💬 chat models (RLHF, DPO, IFT, ...)",Qwen2ForCausalLM,49.49932844851659,48.68777244219516,71.45015105740181,2.796420581655479,9.602864583333336,37.89708924349882
nvidia/AceMath-72B-RM,71.461,🔶 fine-tuned on domain-specific datasets,Qwen2ForSequenceClassification,14.12596355447989,1.4035016501209492,0.0,0.0,3.0598958333333326,1.9835992907801419
nvidia/AceMath-7B-Instruct,7.616,"💬 chat models (RLHF, DPO, IFT, ...)",Qwen2ForCausalLM,45.317756885064966,29.99382585790849,63.368580060422964,5.592841163310966,11.208854166666667,26.483082151300234
nvidia/AceMath-7B-RM,7.071,🔶 fine-tuned on domain-specific datasets,Qwen2ForSequenceClassification,14.937809456686036,0.25152703505644675,0.0,0.0,2.6166666666666667,1.540336879432624
nvidia/Hymba-1.5B-Base,1.523,🟢 pretrained,HymbaForCausalLM,22.95121389025563,7.689941118138137,1.3595166163141994,0.7829977628635317,5.179427083333335,10.248596335697398
nvidia/Hymba-1.5B-Instruct,1.523,"💬 chat models (RLHF, DPO, IFT, ...)",HymbaForCausalLM,60.09055971488983,4.591463615472479,2.719033232628399,5.145413870246088,1.0479166666666664,11.55991430260047
nvidia/Llama-3.1-Minitron-4B-Depth-Base,4.02,🔶 fine-tuned on domain-specific datasets,LlamaForCausalLM,16.069362624502986,19.44410955550794,1.9637462235649545,1.7897091722595053,10.699479166666668,19.98190011820331
nvidia/Llama-3.1-Nemotron-70B-Instruct-HF,70.554,"💬 chat models (RLHF, DPO, IFT, ...)",LlamaForCausalLM,73.80672172059025,47.10953049372728,42.6737160120846,1.1185682326621946,13.195052083333335,43.53945035460993
nvidia/Minitron-4B-Base,4.0,🟢 pretrained,NemotronForCausalLM,22.17937295265451,17.215600655061085,1.9637462235649545,2.572706935123044,9.938541666666667,17.99645390070922
nvidia/Minitron-8B-Base,7.22,🟢 pretrained,NemotronForCausalLM,24.242676099416215,22.04079297000523,2.56797583081571,3.1319910514541416,9.085677083333335,24.229831560283685
nvidia/Mistral-NeMo-Minitron-8B-Base,7.88,🔶 fine-tuned on domain-specific datasets,MistralForCausalLM,19.456597383830456,31.822015157490153,4.833836858006042,10.067114093959727,8.944531250000002,31.063460401891252
nvidia/Mistral-NeMo-Minitron-8B-Instruct,8.414,"💬 chat models (RLHF, DPO, IFT, ...)",MistralForCausalLM,50.03889679384034,34.126491245346166,11.63141993957704,5.033557046979867,7.37161458333333,33.23359929078014
nvidia/Nemotron-Mini-4B-Instruct,4.0,"💬 chat models (RLHF, DPO, IFT, ...)",NemotronForCausalLM,66.68761109411916,14.203825178862052,2.56797583081571,4.026845637583895,4.624479166666667,18.070330969267136
nvidia/OpenMath2-Llama3.1-8B,8.03,🔶 fine-tuned on domain-specific datasets,LlamaForCausalLM,23.305939352030393,16.294369976218587,26.73716012084592,2.0134228187919474,2.010677083333334,6.148419030732861
openai-community/gpt2,0.137,🟢 pretrained,GPT2LMHeadModel,17.925327021192658,2.674981367986987,0.22658610271903326,1.1185682326621946,15.348177083333335,1.7712027186761226
openai-community/gpt2,0.137,🟢 pretrained,GPT2LMHeadModel,17.795449407571912,2.8159113095085133,0.5287009063444109,1.1185682326621946,13.910937500000001,1.8358451536643017
openai-community/gpt2-large,0.812,🟢 pretrained,GPT2LMHeadModel,20.47822001179094,3.2537905449787403,1.2084592145015105,1.230425055928408,5.658072916666665,1.5772754137115832
openai-community/gpt2-medium,0.38,🟢 pretrained,GPT2LMHeadModel,22.08440271812125,2.719972238356244,0.7552870090634441,1.6778523489932917,6.1559895833333345,2.020537825059101
openai-community/gpt2-xl,1.608,🟢 pretrained,GPT2LMHeadModel,20.385798570016444,2.580960647452716,0.9818731117824773,1.1185682326621946,4.036458333333333,1.457225177304964
openchat/openchat-3.5-0106,7.242,🔶 fine-tuned on domain-specific datasets,MistralForCausalLM,59.66590867786363,24.03871121391158,7.628398791540786,7.718120805369126,11.746354166666668,25.458037825059098
openchat/openchat-3.5-1210,7.242,"💬 chat models (RLHF, DPO, IFT, ...)",MistralForCausalLM,60.3678240402133,23.236296582166464,7.854984894259818,6.823266219239373,14.279687500000003,23.805038416075647
openchat/openchat-3.6-8b-20240522,8.03,🔶 fine-tuned on domain-specific datasets,LlamaForCausalLM,53.43355629729119,33.23293691836929,9.969788519637463,9.060402684563762,8.181770833333333,24.765440307328607
openchat/openchat_3.5,7.0,"💬 chat models (RLHF, DPO, IFT, ...)",MistralForCausalLM,59.31118321608887,21.58216684769999,7.250755287009064,6.487695749440718,11.258072916666668,23.92508865248227
openchat/openchat_v3.2,13.0,🔶 fine-tuned on domain-specific datasets,LlamaForCausalLM,29.805582521044165,20.32300299720885,1.283987915407855,2.684563758389265,13.103125,15.79861111111111
openchat/openchat_v3.2_super,13.0,🔶 fine-tuned on domain-specific datasets,LlamaForCausalLM,28.61906408329898,19.153539587477535,2.1148036253776437,1.9015659955257262,9.916927083333333,15.83554964539007
refuelai/Llama-3-Refueled,8.03,"💬 chat models (RLHF, DPO, IFT, ...)",LlamaForCausalLM,46.19952836252256,41.721971003391026,6.646525679758309,6.599552572706939,14.642447916666667,23.278664302600472
rhymes-ai/Aria,25.307,🌸 multimodal,AriaForConditionalGeneration,47.730798725160355,39.28149335481041,19.335347432024168,14.988814317673373,14.05208333333333,37.83244680851063
speakleash/Bielik-11B-v2,11.169,🟩 continuously pretrained,MistralForCausalLM,23.810489501190176,27.817906537862154,7.854984894259818,5.145413870246088,7.555989583333338,23.749630614657207
speakleash/Bielik-11B-v2.0-Instruct,11.169,"💬 chat models (RLHF, DPO, IFT, ...)",MistralForCausalLM,52.524302184869484,33.774676263963016,11.858006042296072,8.948545861297541,14.738541666666668,26.12293144208038
speakleash/Bielik-11B-v2.1-Instruct,11.169,"💬 chat models (RLHF, DPO, IFT, ...)",MistralForCausalLM,50.89817240477488,36.29005304442506,26.661631419939575,11.633109619686799,10.515104166666669,27.184914302600472
speakleash/Bielik-11B-v2.2-Instruct,11.169,"💬 chat models (RLHF, DPO, IFT, ...)",MistralForCausalLM,55.519355310575946,36.95804119871526,26.812688821752268,10.850111856823268,10.107291666666667,27.628176713947987
stabilityai/StableBeluga2,68.977,🔶 fine-tuned on domain-specific datasets,LlamaForCausalLM,37.87140343178322,41.26326112722379,4.380664652567976,8.83668903803132,18.654427083333335,25.845892434988176
stabilityai/stablelm-2-12b,12.143,🟢 pretrained,StableLmForCausalLM,15.69214129620518,22.685797482043984,4.305135951661631,3.8031319910514525,14.485677083333334,23.020094562647756
stabilityai/stablelm-2-12b-chat,12.143,"💬 chat models (RLHF, DPO, IFT, ...)",StableLmForCausalLM,40.81647805600252,25.253697090812636,5.362537764350453,2.2371364653243813,7.7283854166666694,19.270833333333332
stabilityai/stablelm-2-1_6b,1.645,🟢 pretrained,StableLmForCausalLM,11.570521771122843,8.632695204968835,0.7552870090634441,0.0,5.791406249999999,5.1510786052009445
stabilityai/stablelm-2-1_6b-chat,1.645,"💬 chat models (RLHF, DPO, IFT, ...)",StableLmForCausalLM,30.59991932516833,7.493378297410634,2.492447129909366,0.0,5.712760416666669,6.905658983451536
stabilityai/stablelm-2-zephyr-1_6b,1.645,"💬 chat models (RLHF, DPO, IFT, ...)",StableLmForCausalLM,32.79310008555078,6.708710147938231,3.3232628398791544,0.0,5.993229166666668,7.930703309692672
stabilityai/stablelm-3b-4e1t,2.795,🟢 pretrained,StableLmForCausalLM,22.031986240951785,9.013070349546279,1.0574018126888218,0.0,4.422656249999999,7.432033096926712
stabilityai/stablelm-zephyr-3b,2.795,"💬 chat models (RLHF, DPO, IFT, ...)",StableLmForCausalLM,36.832271705740766,14.7591192080273,4.305135951661631,0.0,9.787760416666666,8.530954491725769
teknium/CollectiveCognition-v1.1-Mistral-7B,7.0,🔶 fine-tuned on domain-specific datasets,MistralForCausalLM,27.904626391308398,23.47613361696592,3.096676737160121,4.921700223713646,5.732552083333332,20.40669326241135
teknium/OpenHermes-13B,13.0,🔶 fine-tuned on domain-specific datasets,LlamaForCausalLM,26.680651781716954,18.21332824040884,1.2084592145015105,3.0201342281879207,8.532552083333334,15.438460401891252
teknium/OpenHermes-2-Mistral-7B,7.0,"💬 chat models (RLHF, DPO, IFT, ...)",MistralForCausalLM,52.86151854856226,29.251839211223313,4.531722054380665,4.4742729306487705,16.064062499999995,21.4594414893617
teknium/OpenHermes-2.5-Mistral-7B,7.242,"💬 chat models (RLHF, DPO, IFT, ...)",MistralForCausalLM,55.71417173100706,27.770026367807578,5.0604229607250755,4.4742729306487705,12.058072916666669,22.826167257683213
teknium/OpenHermes-7B,7.0,🔶 fine-tuned on domain-specific datasets,LlamaForCausalLM,18.12513021006485,12.08139546207365,1.5861027190332326,2.572706935123044,12.681510416666667,10.368646572104018
tiiuae/Falcon3-10B-Base,10.306,🟢 pretrained,LlamaForCausalLM,36.47754624396601,41.37546218651794,24.924471299093657,12.751677852348994,14.173958333333331,36.003989361702125
tiiuae/Falcon3-10B-Instruct,10.306,"💬 chat models (RLHF, DPO, IFT, ...)",LlamaForCausalLM,78.16560060639105,44.82153982483132,27.64350453172205,10.514541387024611,13.607031249999997,38.1002511820331
tiiuae/Falcon3-1B-Base,1.669,🟢 pretrained,LlamaForCausalLM,24.280132271262474,11.343173265854867,3.3232628398791544,3.9149888143176734,9.709114583333331,6.757904846335696
tiiuae/Falcon3-1B-Instruct,1.669,"💬 chat models (RLHF, DPO, IFT, ...)",LlamaForCausalLM,55.566785019304334,12.961374062508185,6.3444108761329305,2.2371364653243813,10.561979166666667,9.315898345153663
tiiuae/Falcon3-3B-Base,3.228,🟢 pretrained,LlamaForCausalLM,27.64985793250797,21.584784293773264,11.782477341389729,6.263982102908276,6.273697916666667,20.877659574468087
tiiuae/Falcon3-3B-Instruct,3.228,"💬 chat models (RLHF, DPO, IFT, ...)",LlamaForCausalLM,69.76755010040026,26.287229468432695,25.0,5.145413870246088,11.13255208333333,22.281323877068555
tiiuae/Falcon3-7B-Base,7.456,🟢 pretrained,LlamaForCausalLM,34.15947463840388,31.55991854750336,19.410876132930515,12.863534675615215,18.142708333333335,32.337839834515364
tiiuae/Falcon3-7B-Instruct,7.456,"💬 chat models (RLHF, DPO, IFT, ...)",LlamaForCausalLM,76.1247933261524,37.91581245917148,40.86102719033233,8.05369127516779,21.167968749999996,34.30481678486997
tiiuae/Falcon3-Mamba-7B-Base,7.273,🟢 pretrained,FalconMambaForCausalLM,28.911288713945666,25.534048802953162,19.410876132930515,7.941834451901568,4.393229166666667,22.641474586288414
tiiuae/Falcon3-Mamba-7B-Instruct,7.273,"💬 chat models (RLHF, DPO, IFT, ...)",FalconMambaForCausalLM,71.65099713205407,25.203505172398078,30.060422960725074,7.158836689038028,8.258072916666668,26.326093380614658
tiiuae/falcon-11B,11.103,🟢 pretrained,FalconForCausalLM,32.613243970442866,21.937999462890275,2.794561933534743,2.796420581655479,7.530729166666667,15.438460401891252
tiiuae/falcon-40b,40.0,🟢 pretrained,FalconForCausalLM,24.964538535530174,16.583304730312175,1.812688821752266,3.1319910514541416,5.193229166666668,16.722074468085104
tiiuae/falcon-40b-instruct,40.0,"💬 chat models (RLHF, DPO, IFT, ...)",FalconForCausalLM,24.54487426694504,17.220114203264526,1.9637462235649545,0.0,5.161979166666666,14.016326832151298
tiiuae/falcon-7b,7.0,🟢 pretrained,FalconForCausalLM,18.205140139274903,5.963936911876051,0.9818731117824773,0.0,4.497135416666667,1.392582742316784
tiiuae/falcon-7b-instruct,7.0,"💬 chat models (RLHF, DPO, IFT, ...)",FalconForCausalLM,19.68886997610784,4.8231784606744315,1.2084592145015105,0.0,3.2539062500000004,1.725029550827422
tiiuae/falcon-mamba-7b,7.0,🟢 pretrained,FalconMambaForCausalLM,33.35760227307987,19.876877803543437,4.45619335347432,8.05369127516779,10.862239583333334,14.468823877068557
togethercomputer/GPT-JT-6B-v1,6.0,🔶 fine-tuned on domain-specific datasets,GPTJForCausalLM,20.610646418170454,7.318523965141613,1.0574018126888218,1.4541387024608499,3.873697916666666,6.951832151300234
togethercomputer/GPT-NeoXT-Chat-Base-20B,20.0,🔶 fine-tuned on domain-specific datasets,GPTNeoXForCausalLM,18.297561581049393,6.830794983137852,2.3413897280966767,0.0,1.7578124999999993,1.6142139479905429
togethercomputer/LLaMA-2-7B-32K,7.0,🔶 fine-tuned on domain-specific datasets,LlamaForCausalLM,18.649738250065383,8.089984229889549,1.4350453172205437,0.0,4.320572916666666,8.530954491725769
togethercomputer/Llama-2-7B-32K-Instruct,7.0,🔶 fine-tuned on domain-specific datasets,LlamaForCausalLM,21.300039450879225,8.563469919446954,1.5861027190332326,0.22371364653244186,9.199218750000002,8.678708628841607
togethercomputer/RedPajama-INCITE-7B-Base,7.0,🟢 pretrained,GPTNeoXForCausalLM,20.822971936683555,5.0872422729164315,1.5861027190332326,0.6711409395973182,3.0166666666666657,2.186761229314421
togethercomputer/RedPajama-INCITE-7B-Chat,7.0,🔶 fine-tuned on domain-specific datasets,GPTNeoXForCausalLM,15.57977278066641,4.502173664381199,0.6797583081570997,0.33557046979865535,1.8617187499999996,1.3464095744680846
togethercomputer/RedPajama-INCITE-7B-Instruct,7.0,🔶 fine-tuned on domain-specific datasets,GPTNeoXForCausalLM,20.55069437980115,7.9054164937041635,2.1148036253776437,0.11185682326622093,5.03046875,3.027112884160755
togethercomputer/RedPajama-INCITE-Base-3B-v1,3.0,🟢 pretrained,GPTNeoXForCausalLM,22.936253584932423,3.518607767474259,1.4350453172205437,0.0,4.001041666666667,1.2355939716312052
togethercomputer/RedPajama-INCITE-Chat-3B-v1,3.0,🔶 fine-tuned on domain-specific datasets,GPTNeoXForCausalLM,16.521496296493304,5.164727927050627,0.906344410876133,0.0,5.089322916666668,1.4110520094562635
togethercomputer/RedPajama-INCITE-Instruct-3B-v1,3.0,🔶 fine-tuned on domain-specific datasets,GPTNeoXForCausalLM,21.24263620526869,4.510786368926982,1.283987915407855,0.0,6.408854166666669,1.2171247044917257
upstage/SOLAR-10.7B-Instruct-v1.0,10.732,"💬 chat models (RLHF, DPO, IFT, ...)",LlamaForCausalLM,47.36609972650345,31.872401888002116,5.664652567975831,7.829977628635347,6.942187500000002,23.758865248226947
upstage/SOLAR-10.7B-v1.0,10.732,🟢 pretrained,LlamaForCausalLM,24.212644671693326,29.789358089019135,2.643504531722054,4.138702460850116,13.67786458333333,26.667774822695034
upstage/solar-pro-preview-instruct,22.14,"💬 chat models (RLHF, DPO, IFT, ...)",SolarForCausalLM,84.15814483348626,54.82235099983529,22.054380664652566,16.10738255033557,15.007031249999997,47.48263888888889
