model,parameters,open_source,ABench,AI2D,BLINK,CCBench,COCO_VAL,ChartQA_TEST,HallusionBench,LLaVABench,MMBench_TEST_CN,MMBench_TEST_CN_V11,MMBench_TEST_EN,MMBench_TEST_EN_V11,MME,MMMU_VAL,MMStar,MMT-Bench_VAL,MMVet,MTVQA,MathVista,OCRBench,OCRVQA_TESTCORE,POPE,QBench,RealWorldQA,SEEDBench2,SEEDBench2_Plus,SEEDBench_IMG,ScienceQA_TEST,ScienceQA_VAL,TextVQA_VAL,VCR,coverage
Mantis-8B-siglip-llama3,8B,Yes,71.1,60.4,47.1,37.3,18.2,42.9,34.2,55.5,65.3,63.1,69.0,66.1,1674.6,41.1,41.3,51.6,34.4,4.6,32.7,171,58.5,84.0,70.9,52.2,56.2,44.7,68.5,75.5,73.0,50.5,8.6,31
Phi-3-Vision,4.2B,Yes,68.2,78.4,43.3,24.1,15.8,81.8,39.0,63.9,62.4,59.8,73.6,70.5,1508.0,46.1,47.7,54.2,44.1,13.9,44.8,195,61.9,83.7,67.7,58.8,55.7,64.2,70.9,90.0,90.2,72.4,68.9,31
InternVL2-Llama3-76B,76B,Yes,73.9,87.6,57.5,81.2,15.2,88.1,55.4,96.3,86.5,85.5,86.5,85.5,2397.6,58.3,67.1,67.6,64.4,22.8,65.6,245,43.7,87.3,76.4,72.7,63.0,70.0,77.6,98.8,98.2,84.2,90.6,31
LLaVA-v1.5-7B,7.2B,Yes,65.6,55.5,39.7,17.8,19.8,17.8,27.6,61.8,46.4,43.9,66.5,62.3,1808.4,35.7,33.1,48.9,32.9,6.0,25.5,159,60.6,86.1,58.6,54.8,43.4,41.3,65.8,69.2,66.6,45.5,19.5,31
LLaVA-Next-Mistral-7B,7.6B,Yes,68.3,69.0,41.7,30.0,14.5,51.8,29.1,67.8,63.3,59.8,69.6,66.5,1821.2,37.0,38.4,50.3,42.2,11.7,34.9,191,61.2,87.3,63.2,60.0,54.7,49.3,72.4,73.0,69.5,65.2,59.9,31
LLaVA-Next-Vicuna-13B,13.4B,Yes,64.3,72.2,41.2,28.8,14.4,61.4,31.8,73.9,68.5,65.7,70.0,67.3,1745.6,37.3,40.4,52.1,44.9,13.1,35.1,169,65.3,87.8,64.6,57.6,55.0,55.6,71.4,73.7,71.4,66.9,57.7,31
LLaVA-Next-Interleave-7B,8B,Yes,68.9,73.8,51.3,44.3,14.3,49.2,34.8,71.5,72.5,69.4,74.7,72.8,1749.5,41.7,44.5,53.0,39.1,6.0,34.0,164,60.6,85.5,73.1,57.6,59.9,51.3,72.0,73.2,68.2,56.7,31.3,31
InternVL-Chat-V1.5,26B,Yes,71.7,80.6,46.6,69.8,15.9,83.9,47.4,83.3,80.7,79.1,82.3,80.3,2189.6,46.8,57.1,57.8,55.4,17.4,56.1,238,64.2,87.5,72.5,65.6,59.1,66.4,75.2,93.9,93.7,80.4,52.0,31
Eagle-X5-13B,15B,Yes,70.8,77.2,21.8,30.0,37.4,69.6,37.8,70.2,67.4,65.2,72.6,70.0,1847.8,39.7,43.7,53.7,42.6,15.3,40.8,155,65.0,89.8,67.4,62.9,44.5,60.2,74.0,71.8,70.6,71.8,,30
Ovis1.6-Llama3.2-3B,4.1B,Yes,75.2,77.8,43.8,36.3,14.0,75.6,43.8,84.2,74.7,71.9,78.5,76.2,1951.4,46.7,52.0,59.2,57.6,21.1,58.9,250,66.7,88.2,75.8,66.7,53.7,63.7,74.5,87.6,86.3,74.2,,30
SmolVLM-Instruct,2.3B,Yes,65.0,64.2,42.8,20.8,5.0,71.8,39.5,53.9,51.9,50.3,67.5,64.4,1641.0,38.8,41.7,51.5,33.8,10.0,43.6,249,0.1,85.5,59.5,54.9,54.7,57.5,68.5,84.5,79.6,72.1,,30
SmolVLM-Instruct-DPO,2.3B,Yes,64.7,62.2,43.6,19.6,5.3,58.0,39.8,52.7,49.8,48.1,65.0,62.6,1604.3,39.7,39.2,49.6,29.3,7.2,42.9,243,0.1,81.5,58.9,47.6,53.2,46.1,66.3,82.9,78.5,59.2,,30
Gemma3-27B,27.4B,Yes,76.3,81.4,53.5,53.3,19.0,30.1,48.8,103.1,80.7,78.2,82.3,79.6,2148.5,64.8,59.6,60.8,71.0,28.9,59.8,253,13.5,84.2,72.0,62.5,59.9,67.0,73.1,87.7,87.1,66.7,,30
SmolVLM-Synthetic,2.3B,Yes,58.9,50.8,38.5,10.6,15.6,14.2,34.8,52.8,36.9,35.3,53.7,51.0,1459.4,38.6,34.9,46.4,29.3,7.0,31.5,146,0.5,63.5,47.5,44.2,44.7,47.6,59.2,66.4,62.5,40.5,,30
AKI-4B,4.33B,Yes,62.4,56.5,39.7,25.7,42.8,16.2,33.9,66.1,46.8,45.3,68.8,65.9,1795.6,36.3,37.8,47.6,36.2,2.3,28.5,162,58.1,85.4,65.2,56.6,52.0,37.2,66.8,87.3,86.3,43.9,,30
Qwen-VL-Chat,9.6B,Yes,63.1,63.0,28.2,41.2,75.8,49.8,36.8,67.7,56.3,57.5,61.8,60.8,1860.0,37.0,34.5,47.6,47.3,12.5,35.3,171,58.6,74.9,60.3,49.3,,46.0,64.8,68.8,65.5,60.7,66.8,30
Aquila-VL-2B,2.2B,Yes,75.4,75.1,34.1,43.5,10.5,32.0,43.0,68.8,76.3,74.1,79.0,76.3,1801.1,46.9,54.9,56.8,43.8,13.1,59.1,262,63.3,83.1,74.2,65.0,49.3,62.8,73.9,95.1,93.7,76.5,,30
InternVL3-1B,0.94B,Yes,68.9,69.7,43.0,78.4,23.7,68.1,37.2,62.1,68.0,66.4,72.3,69.9,1912.4,43.2,52.3,52.7,58.7,22.4,46.9,272,21.4,89.5,63.5,57.0,58.1,58.7,71.2,91.7,89.6,75.0,,30
InternLM-XComposer2,7B,Yes,69.7,81.2,47.5,48.2,20.9,71.8,41.0,72.6,79.4,77.1,80.7,78.1,2220.4,41.4,56.2,55.7,46.7,12.2,59.8,151,62.9,83.0,71.2,63.8,,58.0,74.9,96.7,96.5,69.7,71.1,30
InternVL3-2B,2.09B,Yes,74.2,78.6,53.1,75.3,27.9,76.0,41.9,72.1,79.0,77.0,80.8,79.0,2186.4,48.7,61.1,59.1,67.0,26.7,57.6,274,19.1,90.1,71.5,65.1,63.4,64.8,75.0,95.8,95.1,78.6,,30
Janus-1.3B,2.1B,Yes,59.1,52.8,40.2,22.2,12.8,22.5,30.3,58.8,52.2,50.4,52.0,50.2,1578.5,31.2,37.6,46.6,37.5,6.3,33.7,209,11.7,84.1,54.0,41.8,40.0,38.5,62.9,75.1,71.9,50.7,,30
InternVL3-8B,7.94B,Yes,76.3,85.1,55.4,77.8,26.5,85.8,49.0,85.2,82.7,81.9,83.6,82.3,2422.0,62.2,68.7,64.9,82.8,30.4,70.5,277,38.9,90.4,75.9,71.4,67.1,69.4,77.1,97.9,97.9,82.1,,30
SmolVLM-500M,0.51B,Yes,54.7,59.2,39.8,10.6,4.3,62.8,31.1,43.1,35.4,33.7,53.8,50.0,1394.8,33.6,38.3,41.9,25.7,6.5,39.8,208,0.0,84.3,49.8,41.0,43.7,41.9,62.2,80.0,76.5,60.2,,30
Qwen-VL,9.6B,Yes,52.2,57.7,27.9,6.1,11.6,59.0,29.9,12.9,7.8,24.2,32.2,41.6,482.7,29.6,32.5,42.9,13.0,10.7,18.1,12,67.5,70.0,46.0,37.8,,40.1,52.5,61.1,57.7,63.1,63.3,30
SmolVLM2,2.25B,Yes,73.8,69.7,42.3,23.1,7.7,68.7,40.6,68.1,55.0,53.2,71.4,69.1,1792.5,41.6,46.0,54.2,34.9,13.4,51.5,256,0.0,85.1,71.0,57.5,57.8,60.5,71.3,89.6,88.4,73.0,,30
SmolVLM-256M,0.26B,Yes,36.1,46.4,39.1,5.1,4.5,55.6,27.9,39.7,15.1,14.5,41.7,39.4,1261.1,28.9,34.5,30.4,21.1,4.2,37.0,191,0.0,76.6,41.9,32.2,25.3,20.4,54.0,73.8,72.1,50.2,,30
SmolVLM2-256M,0.26B,Yes,45.3,39.2,39.8,0.0,7.1,59.6,24.3,43.2,2.1,1.9,11.9,11.0,1236.5,29.0,30.9,35.8,25.5,4.9,34.0,220,0.2,54.3,42.4,35.2,34.4,33.0,42.7,58.8,56.3,50.4,,30
SmolVLM2-500M,0.51B,Yes,61.2,57.3,40.7,13.3,5.3,59.6,27.7,50.0,34.9,33.4,53.1,49.8,1448.3,34.1,38.2,44.7,29.9,7.7,37.5,212,0.0,82.7,56.5,49.9,47.9,47.7,62.2,76.5,73.5,60.3,,30
Phi-4-MultiModal,5.57B,Yes,75.4,83.0,42.1,55.5,22.9,83.0,40.5,66.5,77.7,74.9,83.4,79.5,1961.7,56.0,58.9,60.4,51.9,14.3,65.8,261,60.2,85.9,77.7,64.1,58.1,68.5,73.2,97.3,96.3,76.9,,30
MUG-U-7B,7B,No,78.5,88.9,48.6,52.7,16.3,86.0,51.3,70.2,83.2,81.6,83.9,81.9,2342.9,54.3,66.6,64.7,63.0,26.3,74.8,283,80.9,87.3,76.9,71.6,65.9,69.3,77.3,98.8,98.2,82.4,,30
Gemma3-12B,12.2B,Yes,70.3,78.1,50.3,49.0,21.4,37.2,47.2,93.0,77.1,74.3,77.5,74.9,2053.5,55.2,56.1,59.7,64.9,23.8,56.1,245,17.7,85.5,73.3,59.1,57.6,65.2,71.0,83.9,85.2,66.5,,30
InternVL2-26B,26B,Yes,74.3,84.5,56.9,73.9,27.1,85.1,51.5,93.1,82.1,80.9,83.4,81.5,2259.8,50.7,61.0,60.4,60.0,17.7,59.6,251,43.4,86.4,73.2,68.1,,67.6,76.3,97.4,97.9,82.5,87.6,30
H2OVL-2B,2.2B,Yes,70.7,70.9,46.4,23.7,9.2,59.4,35.9,65.7,62.9,61.0,72.1,68.7,1767.5,36.3,48.9,51.3,41.1,11.4,56.9,251,70.3,86.6,73.4,62.9,54.0,59.5,71.8,92.1,90.6,74.8,,30
H2OVL-800M,0.83B,Yes,63.1,53.5,40.2,21.4,17.4,43.4,29.6,44.8,42.2,41.5,56.3,53.9,1468.9,32.1,39.5,47.0,30.2,9.1,39.8,272,50.0,85.3,62.1,52.7,46.2,47.6,60.2,69.8,66.9,69.0,,30
Ovis1.5-Llama3-8B,8B,Yes,75.1,82.5,39.8,36.7,16.0,76.4,42.3,79.9,77.6,75.1,80.8,78.1,1948.5,48.3,57.3,60.7,50.9,17.3,63.3,239,71.2,88.5,76.0,64.2,,66.4,75.4,88.8,89.3,74.0,74.3,30
LLaVA-Next-Llama3,8B,Yes,69.7,72.8,40.7,32.7,17.7,68.7,33.1,66.0,70.1,67.5,74.8,72.1,1908.0,43.1,43.9,53.1,44.4,13.5,37.7,170,60.7,87.1,66.2,58.4,,56.9,72.5,73.1,73.7,65.3,48.9,30
LLaVA-Next-Interleave-7B-DPO,8B,Yes,70.2,72.9,49.5,42.4,11.2,49.0,36.8,69.9,73.7,70.9,73.8,71.7,1664.4,40.1,45.3,52.8,39.8,6.4,35.3,202,57.3,84.8,76.1,60.4,,49.4,71.3,72.0,69.0,56.5,29.3,30
Mantis-8B-Idefics2,8B,Yes,72.9,67.3,50.1,38.6,17.2,63.8,37.1,60.6,67.9,65.8,76.0,73.6,1805.9,41.6,44.8,54.3,39.3,7.6,41.2,226,62.6,84.5,76.3,59.5,,54.0,71.2,81.8,77.4,63.5,15.7,30
Falcon2-VLM-11B,11.4B,Yes,63.5,77.9,42.1,30.2,14.0,64.0,35.9,65.5,67.2,65.6,70.7,68.7,1873.0,39.1,45.4,52.7,37.2,8.3,37.6,173,61.4,87.4,64.2,61.2,54.8,57.3,71.2,73.9,73.7,62.9,,30
Gemma3-4B,4.3B,Yes,67.0,70.7,43.9,36.9,18.4,33.7,40.8,92.5,69.7,66.8,69.6,66.1,1744.1,47.3,47.9,53.9,57.8,22.1,46.3,227,27.6,84.6,65.0,55.6,52.7,60.7,65.5,77.1,76.0,57.7,,30
InternVL3-14B,15.1B,Yes,76.3,86.0,59.9,77.1,28.8,87.8,55.9,84.4,84.4,83.3,85.7,83.9,2462.3,64.8,68.9,69.7,80.5,31.1,74.4,272,30.5,89.4,76.7,69.8,67.7,70.1,77.5,98.6,98.4,82.2,,30
Vintern-3B-beta,3.7B,Yes,71.7,69.1,43.5,39.2,9.4,68.3,43.2,62.2,69.4,66.2,70.6,67.0,1782.6,46.7,47.5,55.8,37.8,23.4,43.6,181,56.8,87.4,65.5,58.2,54.8,64.1,70.0,75.0,73.6,67.2,,30
MolmoE-1B,7.2B,Yes,63.3,71.0,40.7,17.5,12.4,48.0,38.0,66.7,46.6,44.2,64.6,60.5,1471.1,33.9,43.1,49.3,37.8,9.4,37.6,198,28.6,86.6,64.9,57.5,52.5,57.0,67.9,87.5,86.9,61.5,,30
LLaVA-OneVision-7B (SI),8B,Yes,73.5,82.8,46.1,44.7,13.9,80.9,47.5,77.6,78.0,75.8,80.5,77.7,2146.3,46.8,56.7,59.7,50.6,15.9,58.6,198,64.7,87.2,74.7,69.5,56.7,65.7,75.4,86.6,87.6,78.5,,30
Monkey-Chat,9.8B,Yes,63.2,68.5,41.2,48.0,37.8,59.5,39.3,60.5,67.5,65.1,72.4,69.6,1887.4,40.7,40.7,53.3,41.0,10.9,36.0,173,64.4,83.5,63.4,52.4,,54.9,68.9,82.4,80.8,65.5,65.7,30
Slime-13B,13B,Yes,63.0,66.0,40.8,20.0,8.9,25.2,32.1,68.8,58.7,56.8,65.4,62.9,1794.3,36.4,39.4,50.7,38.9,7.7,34.5,50,51.0,83.9,64.1,53.2,43.4,47.8,68.7,75.3,73.4,51.7,,30
Pixtral-12B,13B,Yes,73.1,79.0,50.4,37.6,17.8,72.2,47.0,81.5,74.4,70.1,77.9,75.3,1921.7,51.1,54.5,59.4,58.5,20.2,56.3,219,64.7,84.2,73.4,65.4,57.9,67.4,71.5,87.2,86.6,75.7,,30
Gemini-1.5-Flash,,No,73.6,78.5,57.7,52.4,18.4,29.7,48.5,80.0,78.6,76.7,79.4,77.1,2077.9,58.2,55.8,62.6,63.2,30.5,51.3,226,18.5,88.5,73.7,69.0,70.2,68.6,75.0,83.3,82.9,61.6,,30
Molmo-7B-O,8B,Yes,66.0,75.7,45.8,20.6,14.8,36.5,39.4,72.4,59.4,56.8,72.2,69.1,1714.7,42.2,50.1,52.1,40.6,14.1,43.9,206,15.1,86.7,68.0,62.2,56.1,62.1,72.7,88.8,88.8,59.8,,30
DeepSeek-VL-7B,7.3B,Yes,69.1,65.3,40.9,52.4,28.1,59.1,34.5,77.8,71.4,69.7,73.8,71.7,1765.4,38.3,40.5,53.5,39.7,7.6,37.2,149,67.0,85.6,68.1,54.2,,53.1,70.1,80.9,76.0,64.9,59.1,30
LLaVA-OneVision-0.5B (SI),1B,Yes,58.8,53.5,38.5,25.7,9.3,60.5,31.7,61.7,50.2,47.6,55.8,53.0,1392.9,36.2,37.5,48.3,32.2,10.0,32.7,174,56.9,86.8,53.4,46.1,45.8,45.7,62.1,67.5,63.8,66.3,,30
GPT-4.1-20250414,,No,79.6,85.9,68.5,73.5,21.0,33.3,58.5,105.6,86.8,86.2,86.9,86.9,2337.6,74.0,69.8,71.1,78.8,34.1,70.4,276,18.7,86.4,79.7,78.7,76.0,73.1,78.0,92.8,92.6,71.0,,30
Slime-7B,7B,Yes,66.2,61.9,38.7,25.3,10.8,33.9,32.8,59.4,56.7,54.3,65.8,63.1,1789.7,36.6,37.3,49.2,33.9,7.7,36.9,50,49.0,83.8,60.6,51.9,43.0,47.0,67.0,75.4,73.8,49.7,,30
GPT-4.1-mini-20250414,,No,77.4,76.0,59.0,64.3,23.6,33.7,49.3,99.6,85.5,78.6,86.9,83.2,2110.9,55.0,60.9,63.4,74.3,36.8,70.9,270,26.3,85.6,80.0,77.5,75.0,71.9,77.6,84.7,81.7,64.9,,30
GPT-4.1-nano-20250414,,No,72.9,68.0,45.2,31.2,22.6,30.3,36.9,88.8,65.1,60.4,68.2,64.4,1789.6,57.6,47.5,55.3,62.8,27.6,53.7,223,36.0,83.5,74.8,61.7,64.4,67.0,71.8,77.5,76.8,60.9,,30
Kosmos2,1.7B,Yes,33.2,25.6,34.4,1.4,28.4,5.9,19.8,54.7,0.6,0.9,1.1,1.2,721.1,23.7,24.9,25.5,23.7,2.0,24.5,139,2.9,66.3,37.2,32.7,25.1,25.3,25.1,32.7,33.1,14.7,,30
POINTS-Qwen2.5-7B,8.3B,Yes,76.1,81.2,43.9,52.2,10.9,48.8,45.6,72.3,79.0,76.9,81.4,79.0,2184.1,51.4,60.9,62.3,47.9,13.4,63.1,209,58.1,86.5,77.2,67.8,59.5,65.6,74.8,94.8,95.2,60.0,,30
POINTS-Yi-1.5-9B,9.5B,Yes,75.0,78.8,45.0,48.6,11.4,58.0,47.8,70.6,80.3,77.8,81.6,79.0,2028.4,47.6,56.9,61.5,49.2,11.6,63.2,214,56.3,86.2,76.0,66.3,59.4,64.2,74.8,95.3,94.6,60.6,,30
Ovis1.6-Gemma2-9B,10.2B,Yes,74.4,84.4,48.5,51.8,14.6,81.1,52.2,89.0,82.0,79.5,83.4,81.5,2206.1,55.0,62.9,64.9,65.0,19.2,67.3,263,71.2,87.8,76.7,70.7,56.8,67.9,76.5,93.4,93.6,78.2,,30
Eagle-X5-7B,9B,Yes,68.4,73.6,22.4,28.4,49.6,66.4,35.4,59.5,62.5,60.5,70.1,67.4,1866.0,37.6,41.7,52.6,33.3,13.0,38.8,150,64.3,89.3,67.7,63.8,44.5,57.5,73.6,71.2,71.8,70.5,,30
Slime-8B,8B,Yes,70.5,68.5,38.8,27.6,7.8,39.2,31.8,62.4,66.0,63.7,72.8,69.0,1895.7,38.8,43.5,50.2,40.0,6.8,41.8,50,47.9,85.1,67.2,58.0,43.9,50.2,69.8,78.0,78.8,49.4,,30
Moondream1,1.9B,Yes,59.6,49.1,40.3,9.2,62.2,14.4,29.2,53.6,19.8,18.6,62.3,59.6,1506.3,31.4,35.3,45.4,26.0,1.4,24.7,155,59.6,86.5,58.8,50.7,47.9,38.2,63.6,62.1,59.2,46.1,,30
PaliGemma-3B-mix-448,3B,Yes,59.8,68.3,40.7,29.6,58.9,33.7,32.2,36.9,63.6,62.8,71.0,68.4,1686.1,34.9,48.3,46.9,33.1,9.2,28.5,241,57.8,87.5,63.3,55.2,,49.8,69.6,94.3,93.3,68.1,44.8,30
Molmo-7B-D,8B,Yes,73.8,81.0,49.7,36.7,12.1,43.7,46.4,33.6,75.2,71.6,73.6,70.3,1853.2,49.1,56.1,56.3,41.5,13.1,48.7,226,15.9,89.0,74.0,71.1,58.2,67.6,74.6,58.1,55.6,70.3,,30
Mantis-8B-Fuyu,8B,Yes,60.3,46.8,38.2,11.8,18.5,53.3,29.8,46.8,33.4,31.8,46.6,44.1,1321.6,30.8,34.4,42.2,27.3,5.3,30.2,161,54.2,84.0,67.0,43.7,,33.6,59.3,56.8,54.5,49.0,12.0,30
LLaVA-Next-Vicuna-7B,7.1B,Yes,65.8,67.0,41.6,24.3,12.8,54.3,27.6,72.7,62.3,59.4,69.2,66.5,1769.1,37.6,37.6,50.3,40.2,12.3,32.5,184,63.8,87.5,64.3,57.8,,51.6,69.6,70.3,68.5,63.8,53.1,30
Yi-VL-6B,6.6B,Yes,69.8,59.8,,42.9,27.5,15.5,36.0,51.9,66.6,63.1,68.4,65.2,1915.1,40.3,37.7,52.8,32.1,7.4,29.7,140,49.5,82.5,66.3,53.5,,46.2,67.5,72.6,71.7,44.8,5.9,29
TransCore-M,13.4B,Yes,70.4,64.1,42.7,69.8,17.8,28.0,27.3,66.8,80.7,67.9,82.3,67.7,1885.0,41.0,35.6,54.1,36.9,9.6,32.5,183,60.9,87.1,62.0,57.1,,51.1,72.0,74.9,74.4,55.2,,29
Qwen2-VL-72B,73.4B,Yes,79.4,88.3,60.5,69.8,18.5,88.2,58.7,77.1,86.7,85.8,86.9,86.1,2504.2,64.3,68.6,71.2,73.9,29.6,69.7,267,73.7,87.2,80.3,76.7,,72.3,77.9,91.2,91.6,85.5,,29
CogVLM-17B-Chat,17B,Yes,66.9,63.3,,19.0,21.3,65.5,35.4,73.9,55.9,54.0,65.8,63.6,1736.6,37.3,39.9,50.8,54.5,9.2,35.3,218,66.3,88.0,62.6,60.3,,54.6,68.8,66.2,65.6,78.2,86.0,29
MiniCPM-V-2,2.8B,Yes,68.0,62.9,41.2,45.3,40.7,55.6,36.1,69.2,66.5,64.5,69.1,67.0,1808.2,38.2,39.1,53.5,41.0,9.3,39.8,245,55.8,86.3,67.0,55.8,,51.9,67.1,80.7,76.3,73.2,,29
IDEFICS2-8B,8B,Yes,70.5,72.3,45.6,37.6,21.3,,39.1,49.1,68.6,65.1,75.7,72.7,1847.6,45.2,49.5,56.8,34.0,10.8,52.5,232,,86.2,68.7,60.7,53.4,56.6,71.9,88.7,86.5,68.9,31.6,29
Bunny-Llama3-8B,8B,Yes,72.6,69.4,41.6,44.1,24.8,30.1,37.7,63.6,74.4,71.7,78.3,74.1,1987.7,43.4,45.4,54.8,39.1,13.1,35.2,193,63.8,86.9,70.7,60.4,,54.9,73.5,79.1,78.6,62.1,,29
LLaVA-v1.5-13B,13.4B,Yes,64.8,61.1,40.9,20.8,20.7,18.2,24.5,66.1,58.2,55.5,69.2,65.8,1780.8,37.0,34.3,52.1,35.6,6.8,27.7,165,63.4,88.4,60.9,55.3,,44.6,68.2,72.6,69.5,48.9,,29
Cambrian-8B,8B,Yes,68.6,74.6,44.9,23.7,12.0,72.6,30.6,71.0,67.9,64.9,74.6,71.6,1802.9,41.8,50.7,,48.0,14.2,48.1,209,66.0,86.4,70.6,60.0,,59.7,73.3,81.0,80.5,72.6,83.6,29
InternVL2-40B,40B,Yes,75.2,86.8,,80.2,19.8,83.8,56.5,101.4,86.4,84.9,86.8,85.1,2293.1,55.2,64.7,66.1,61.8,20.4,64.3,246,42.9,81.9,75.5,70.1,,69.2,77.4,98.5,97.8,83.5,93.1,29
Ovis1.6-Gemma2-27B,28.9B,Yes,76.5,86.6,48.0,53.1,14.5,85.3,54.1,91.0,84.3,81.5,84.8,82.8,2336.1,60.3,63.5,68.2,68.0,26.5,70.2,272,75.1,87.7,77.7,72.7,,71.1,76.8,94.7,94.2,80.9,,29
Kimi-VL-A3B-Instruct,16.4B,Yes,76.1,84.5,56.4,72.0,12.6,87.7,48.4,85.6,81.9,80.6,82.1,80.9,2175.3,57.8,62.0,64.8,66.1,24.1,66.0,244,82.0,88.5,76.9,68.8,,68.9,76.8,95.3,95.3,92.5,,29
MiniCPM-V-2.6,8B,Yes,74.6,82.1,55.2,55.7,10.8,82.4,48.1,85.4,79.3,76.9,81.5,79.0,2268.7,49.8,57.5,60.8,60.0,17.0,60.8,261,,83.2,76.5,65.0,,65.7,74.0,96.7,96.0,78.3,86.1,29
Yi-VL-34B,34.6B,Yes,70.0,65.9,,46.1,68.4,14.0,35.3,62.3,70.7,66.8,72.4,68.7,2050.2,45.1,40.5,53.4,32.7,7.0,31.6,151,42.4,82.5,69.0,54.8,,47.5,68.1,75.5,73.6,42.5,5.6,29
MMAlaya2,26B,Yes,71.5,80.8,46.1,70.0,17.4,83.6,49.3,83.9,82.1,79.7,82.5,80.6,2179.9,46.9,58.1,57.6,58.5,17.0,54.1,241,64.6,86.3,72.8,66.5,,66.8,75.9,94.1,93.4,80.5,,29
Monkey,9.8B,Yes,61.9,62.5,37.7,37.1,42.3,59.0,34.9,43.3,54.7,52.5,59.6,57.4,1759.9,38.9,37.0,49.0,38.1,11.1,33.5,171,67.0,83.7,56.6,51.6,,52.0,64.3,72.1,68.2,65.8,,29
InternVL2-4B,4B,Yes,70.6,79.0,45.8,66.3,18.5,80.7,42.4,68.6,73.9,71.4,78.5,75.8,2064.6,48.3,53.9,55.9,50.9,15.5,58.5,236,,84.6,67.5,60.5,,63.7,73.2,96.3,96.0,74.7,63.8,29
DeepSeek-VL-1.3B,2.0B,Yes,62.8,51.5,39.7,37.6,19.1,47.4,27.6,51.1,62.9,61.9,66.4,65.6,1531.6,33.8,39.9,49.1,29.2,,30.7,175,58.1,85.9,59.6,49.7,,43.7,66.0,68.4,64.2,57.8,45.4,29
Taiyi,,No,78.8,90.8,64.7,58.0,13.9,81.2,56.8,92.2,85.4,85.0,86.7,84.7,2355.9,60.4,69.0,68.7,67.9,23.4,72.6,266,73.5,87.7,76.8,73.1,,67.5,76.3,98.9,98.6,82.0,,29
InternVL2-1B,1B,Yes,64.0,63.8,38.3,76.3,11.2,67.8,34.3,52.3,61.0,57.7,65.2,61.6,1808.9,36.7,45.6,48.2,31.5,12.6,40.4,243,,84.9,57.8,50.2,,54.5,65.2,87.9,86.8,70.9,49.7,29
InternVL2-2B,2B,Yes,64.2,74.1,42.8,74.7,13.6,71.7,38.0,60.0,71.2,68.9,73.4,70.2,1864.3,36.3,49.8,50.8,39.7,10.9,47.0,245,,85.2,64.3,57.4,,59.9,70.9,94.1,94.3,73.4,63.9,29
CogVLM2-19B-Chat,19B,Yes,72.3,73.4,,38.8,15.3,33.0,41.3,83.0,69.8,68.6,73.9,72.7,1869.5,42.6,50.5,54.0,57.8,,38.7,237,64.9,83.4,68.4,62.9,,66.0,74.1,90.2,88.4,4.5,89.4,28
Cambrian-34B,34B,Yes,72.3,79.5,,49.2,13.9,73.7,41.6,82.0,79.2,77.3,80.4,78.3,2049.9,50.4,54.2,,53.2,16.2,50.9,192,68.2,85.1,72.4,67.1,,65.1,75.4,85.6,85.3,72.1,87.7,28
InternVL2-8B,8B,Yes,72.9,83.6,50.9,77.1,16.7,,45.0,73.3,80.9,79.3,82.0,79.5,2215.1,51.2,61.5,59.8,54.3,18.1,58.3,234,42.6,84.2,69.8,64.2,,67.3,75.4,97.1,97.4,,65.6,28
Llama-3.2-11B-Vision-Instruct,11B,Yes,69.2,77.3,39.8,30.2,10.6,0.0,40.3,85.8,65.8,64.2,68.0,67.5,1820.5,48.0,49.8,53.1,57.6,15.3,47.7,249,,88.1,68.3,63.3,,65.8,72.7,83.9,80.9,,,27
Qwen2-VL-2B,2B,Yes,71.3,74.7,45.2,53.7,14.6,,42.4,50.5,73.8,71.2,74.6,73.2,1899.1,42.2,47.5,55.0,51.5,20.8,48.0,245,,87.3,73.9,60.7,,61.2,72.4,78.7,74.3,,87.1,27
LLaVA-Next-Qwen-32B,33B,Yes,,75.5,42.1,52.2,20.8,53.0,39.3,82.0,79.1,77.1,79.4,76.5,1951.7,41.8,48.5,56.7,50.0,,39.6,104,63.2,84.4,,61.4,,56.3,75.0,80.0,76.8,61.0,37.3,27
Qwen2-VL-7B,8B,Yes,76.4,83.0,53.8,65.7,14.6,,50.4,70.1,80.6,80.3,82.8,81.8,2276.3,53.7,60.7,63.4,61.8,25.8,61.6,251,,88.4,76.9,68.5,,68.6,76.0,85.5,84.6,,93.8,27
Mantis-8B-clip-llama3,8B,Yes,70.7,56.6,47.1,37.1,18.4,,31.3,61.1,64.9,61.5,68.2,63.8,1766.0,40.2,38.3,51.1,28.6,3.5,30.4,46,,82.9,69.6,52.3,,44.8,65.8,73.5,69.9,45.6,,27
BlueLM-V-3B,3B,No,77.7,85.3,22.1,74.3,11.7,,48.0,69.3,83.3,82.3,84.1,83.1,1947.0,45.1,62.3,59.2,61.8,32.7,60.9,283,64.7,,77.3,66.7,,61.9,75.2,94.5,94.8,78.4,,27
Ovis1.5-Gemma2-9B,11.4B,Yes,73.5,84.5,43.3,44.1,17.0,,48.2,73.4,78.8,76.2,80.9,78.4,2125.2,49.7,58.1,62.8,53.8,15.3,65.6,235,,87.6,76.7,66.9,,67.4,75.1,93.8,93.5,,75.1,27
Chameleon-7B,7B,Yes,,46.0,16.6,1.4,12.9,2.6,17.1,26.6,7.1,19.6,15.4,19.9,202.7,22.4,31.1,23.9,8.3,,22.5,1,9.0,19.4,,39.0,,29.7,30.5,46.8,44.6,4.8,6.8,27
GLM-4v-9B,9B,Yes,74.0,71.2,,44.9,13.2,,45.0,92.1,70.4,67.1,71.4,68.7,2018.8,46.9,54.8,48.8,58.0,22.8,52.2,228,,89.4,73.3,66.0,49.4,59.7,71.1,96.7,98.7,,75.0,27
Chameleon-30B,30B,Yes,,53.7,21.3,5.9,11.6,2.9,18.6,33.3,17.5,27.8,32.5,37.6,604.5,38.8,31.8,32.4,9.7,,23.8,2,3.7,59.8,,39.2,,39.4,48.5,58.8,57.6,6.6,0.7,27
360VL-70B,70B,Yes,70.3,71.9,46.1,44.9,71.0,,34.8,75.1,77.2,73.9,78.8,76.0,2009.7,53.4,48.1,58.0,24.7,9.6,37.9,168,,87.3,67.6,62.4,,52.3,73.1,87.4,88.9,,42.5,27
MiniCPM-V,3B,Yes,,56.3,40.6,41.4,61.8,44.2,36.2,51.3,62.6,59.6,64.1,61.4,1650.2,38.3,38.6,50.0,31.1,,30.6,180,56.4,79.5,,51.2,,43.2,65.6,77.0,74.4,56.6,7.5,27
HunYuan-Standard-Vision,,No,75.7,93.2,55.4,72.0,18.1,,57.7,80.8,85.0,83.3,86.4,83.9,2250.4,70.7,72.9,66.1,79.9,23.4,66.1,258,,85.8,75.2,67.7,,69.0,73.2,96.4,95.5,,,26
MiniCPM-o-2.6,8.67B,Yes,77.5,86.1,53.9,53.3,13.5,,51.1,87.1,83.0,79.9,83.4,81.3,2255.4,50.9,63.3,62.3,67.2,23.1,73.3,263,,86.7,78.7,68.0,,67.9,75.5,98.8,98.1,,,26
VITA-1.5,8.3B,Yes,70.3,79.2,45.0,48.2,31.0,,44.6,72.8,78.6,76.1,79.8,77.5,2328.1,52.6,60.2,59.5,52.7,16.3,66.2,221,,88.9,71.0,66.9,,66.9,74.1,95.8,95.5,,,26
NVLM-D-72B,79.4B,Yes,72.1,80.1,48.0,59.0,5.8,,49.7,86.8,80.2,78.0,80.4,79.0,2394.5,60.8,63.7,65.3,58.9,19.6,64.0,264,,87.6,71.6,69.9,,68.4,75.5,93.7,93.1,,,26
"GPT-4o (0513, detail-low)",,No,78.8,77.4,64.2,70.6,,,51.7,97.2,82.1,82.5,83.3,83.1,2328.7,62.8,61.6,65.6,66.5,26.4,57.2,267,,85.0,78.4,68.6,,64.0,76.4,90.1,89.4,,92.9,26
Ross-Qwen2-7B,8.2B,Yes,74.2,79.4,45.3,48.4,4.2,,38.7,60.2,76.9,73.8,80.5,77.1,1853.5,49.0,53.9,59.1,43.2,12.3,52.5,226,,88.1,70.7,58.7,,58.3,73.7,95.2,95.0,,,26
VARCO-VISION-14B,15.2B,Yes,74.4,83.9,50.3,53.1,73.6,,46.8,72.8,82.2,80.1,85.1,82.3,2183.3,56.3,64.1,65.3,53.0,21.8,67.6,258,,87.9,74.7,72.5,,69.9,76.6,98.5,98.5,,,26
Step-1o,,No,78.4,89.1,65.4,81.4,28.5,,55.8,107.3,87.6,87.0,88.3,87.6,2411.3,69.9,69.3,69.6,82.8,27.4,74.7,291,,89.1,80.5,74.1,,69.9,77.7,95.3,95.6,,,26
abab6.5s,,No,61.2,52.0,14.1,37.5,20.0,,33.4,70.4,60.9,57.5,61.0,57.9,1675.7,34.0,32.1,35.3,32.2,16.9,23.5,241,,77.6,50.8,30.3,,37.5,62.3,61.4,60.8,,,26
InternVL2.5-78B-MPO,78B,Yes,79.3,89.2,65.7,86.9,28.9,,58.1,103.9,88.2,87.5,88.4,87.9,2479.1,68.2,72.1,70.7,73.5,32.1,76.6,266,,89.5,77.5,77.4,,70.8,77.0,99.5,99.0,,,26
InternVL2.5-38B-MPO,38B,Yes,78.6,87.9,63.2,75.9,27.8,,59.7,99.6,86.4,85.4,86.4,85.4,2446.4,63.8,70.1,69.1,72.6,31.2,73.6,251,,88.9,76.1,74.4,,71.5,78.0,99.1,98.6,,,26
SAIL-VL-2B,2.1B,Yes,74.5,77.4,46.4,42.2,14.5,,45.9,63.8,74.9,71.8,79.0,75.5,1984.0,44.1,56.5,57.1,44.2,20.2,62.8,257,,88.1,72.8,62.0,,66.1,74.6,95.5,95.7,,,26
InternVL2.5-1B-MPO,1B,Yes,67.5,68.5,41.0,78.2,18.3,,34.8,60.2,65.7,64.3,70.1,67.2,1969.6,40.3,49.5,50.8,47.2,21.7,47.7,258,,89.4,63.3,57.0,,58.3,70.4,93.1,93.3,,,26
InternVL2.5-2B-MPO,2B,Yes,71.1,75.1,43.8,86.1,18.9,,40.7,66.7,71.2,69.5,74.5,71.9,2117.9,44.6,54.9,54.4,64.2,22.6,53.4,267,,90.0,69.8,61.3,,61.0,73.2,96.0,95.2,,,26
InternVL2.5-4B-MPO,4B,Yes,75.9,81.5,50.6,82.2,24.9,,47.5,84.3,78.9,76.9,80.4,78.6,2289.8,51.8,61.0,61.6,66.0,28.0,64.1,261,,89.6,71.5,64.4,,66.8,74.8,97.6,97.4,,,26
abab7-preview,,No,75.4,82.3,53.8,59.8,19.1,,51.7,98.0,82.3,80.6,84.5,83.4,2264.9,64.8,66.0,65.6,63.7,26.1,67.5,266,,85.9,77.0,67.3,,67.7,76.8,96.7,96.9,,,26
BailingMM-Pro-0120,81B,No,75.8,87.2,40.5,52.2,20.1,,59.4,95.1,85.7,86.5,87.1,87.7,2335.3,59.2,69.4,64.2,77.6,28.1,72.3,277,,86.2,78.2,70.8,,68.9,73.0,98.2,97.9,,,26
Step-1.5V-mini,,No,71.4,81.3,51.8,72.7,28.1,,46.7,90.6,0.6,79.6,18.1,79.8,2037.5,51.7,54.7,63.6,66.5,19.8,57.8,252,,84.2,74.0,65.6,,66.4,74.8,86.0,84.4,,,26
Ovis2-34B,34.9B,Yes,78.7,88.3,60.1,64.1,15.7,,58.8,93.3,88.0,86.5,87.6,86.6,2406.2,66.7,69.2,71.2,77.1,30.6,76.1,273,,88.0,79.8,75.6,,71.3,77.6,95.7,96.4,,,26
Ovis2-16B,16.2B,Yes,79.4,86.3,59.0,62.4,15.3,,56.8,93.0,86.9,85.5,87.2,85.8,2371.3,60.7,67.2,69.2,68.4,30.3,73.7,275,,87.5,79.5,74.1,,72.1,77.7,95.2,95.0,,,26
Qwen-VL-Max-0809,72B,No,78.9,88.1,60.1,70.6,18.4,,59.2,74.9,50.3,85.7,86.8,86.0,2492.5,64.6,69.2,71.2,72.3,29.2,68.3,268,,86.8,79.4,74.2,,71.9,77.9,91.4,91.8,,,26
Ovis2-8B,8.94B,Yes,76.4,86.6,54.3,59.6,14.2,,56.3,87.0,85.0,83.4,84.8,83.8,2326.6,57.4,64.6,66.6,65.1,29.7,71.8,284,,88.6,78.9,72.5,,70.4,77.2,95.1,95.1,,,26
XinYuan-VL-2B-Instruct,2B,Yes,72.6,74.2,42.7,54.7,6.1,,34.9,42.1,75.7,74.2,78.4,76.2,1838.8,42.9,52.3,55.4,42.3,16.6,47.7,265,,88.1,71.0,63.1,,63.0,73.5,86.7,86.7,,,26
Ovis2-2B,2.46B,Yes,76.6,82.7,47.9,44.7,17.7,,50.2,76.6,79.3,76.8,78.6,77.1,2005.0,45.6,56.7,61.7,58.3,25.6,64.1,274,,87.8,76.2,66.0,,67.4,74.4,91.2,90.1,,,26
Ovis2-1B,1.27B,Yes,71.3,76.4,44.0,37.5,17.5,,45.2,76.2,68.7,66.6,71.6,70.1,1719.5,36.1,52.1,55.5,50.0,23.7,59.4,289,,87.7,71.3,63.9,,61.4,71.7,82.3,79.7,,,26
InternVL2-8B-MPO,8B,Yes,72.4,83.4,50.4,74.7,25.7,,47.7,76.5,78.0,76.4,79.2,76.5,2239.0,48.0,62.5,60.0,55.8,20.1,65.8,219,,85.9,70.4,63.1,,67.4,74.9,97.3,97.6,,,26
BailingMM-Lite-1203,21B,No,70.3,86.0,45.1,49.0,29.3,,60.1,75.4,83.4,82.9,84.0,83.9,2166.1,50.9,67.3,58.8,64.9,13.0,74.5,265,,86.1,72.4,67.1,,63.7,74.4,96.9,97.7,,,26
InternVL2-8B-MPO-CoT,8B,Yes,71.9,83.4,51.9,74.3,15.1,,45.1,78.7,77.2,75.8,78.3,75.6,2297.4,48.1,62.2,60.1,55.7,22.1,65.9,242,,87.7,69.7,64.2,,66.8,74.7,91.5,91.2,,,26
Eagle-X5-34B-Chat,36.8B,Yes,73.7,80.8,30.4,42.7,64.0,,38.1,77.7,75.2,73.7,80.0,77.8,1788.0,51.2,55.5,60.0,42.4,16.2,52.7,49,,90.2,68.4,64.6,,65.5,75.5,88.1,88.7,,,26
Janus-Pro-7B,7.42B,Yes,68.4,68.1,38.7,33.3,19.2,,39.5,74.4,61.2,58.3,62.6,60.0,1791.7,41.6,46.5,50.3,45.1,10.4,42.5,241,,78.9,67.4,42.7,,53.9,70.1,83.2,80.7,,,26
Emu3_chat,8.49B,Yes,61.2,71.5,42.7,19.0,6.1,,31.7,49.2,49.8,46.1,63.8,59.3,1610.5,33.9,46.6,43.4,29.1,5.7,47.6,257,,83.3,66.4,57.1,,44.9,69.2,87.9,87.8,,,26
GLM-4v-Plus-20250111,,No,74.9,86.7,59.5,71.0,24.4,,58.5,92.7,85.4,84.1,88.9,87.8,2418.7,69.9,72.5,66.0,75.7,25.6,73.5,286,,86.0,77.7,72.2,,71.4,76.7,97.2,97.9,,,26
POINTS1.5-Qwen2.5-7B,8.3B,Yes,76.1,81.4,44.0,59.0,10.6,,50.0,79.9,82.1,80.2,82.8,81.2,2226.3,53.8,61.1,61.8,62.2,16.6,66.4,264,,86.8,75.2,67.5,,67.9,75.1,95.0,95.4,,,26
Ovis2-4B,4.62B,Yes,77.5,85.7,53.0,53.1,14.2,,53.8,87.4,82.9,81.0,83.6,81.8,2161.6,49.0,61.9,65.2,65.5,29.4,69.6,285,,88.7,78.1,71.1,,69.3,76.2,94.0,94.5,,,26
InternVL2.5-8B-MPO,8B,Yes,77.0,84.5,56.6,82.9,23.8,,51.7,87.3,82.4,81.5,83.9,82.4,2326.7,54.8,65.2,62.5,68.1,27.2,67.9,264,,88.7,73.8,71.1,,69.3,76.8,98.4,97.9,,,26
MiniMonkey,2.2B,Yes,65.1,74.8,43.5,77.3,24.5,,38.7,62.0,70.3,68.3,72.4,69.6,1899.6,35.0,50.4,50.4,38.0,11.6,45.6,250,,87.8,65.2,57.1,,60.7,71.0,93.9,93.7,,,26
Cambrian-13B,13B,Yes,67.3,73.6,43.1,26.7,10.6,,39.4,76.1,65.0,63.6,73.2,71.4,1876.8,41.6,47.1,,48.9,16.3,47.7,209,,86.8,69.8,58.6,,60.0,73.2,79.3,76.4,,65.9,26
LLaVA-v1.5-7B (QLoRA),7.2B,Yes,,55.9,41.8,28.4,25.0,18.7,25.2,57.2,61.0,59.5,67.7,64.7,1716.6,33.7,34.6,49.1,32.2,,25.4,220,61.0,87.2,,53.7,,41.1,66.4,68.7,68.8,49.7,,26
ShareGPT4V-7B,7.2B,Yes,,58.0,40.9,30.8,9.6,21.3,28.6,66.9,60.7,58.6,67.6,64.6,1914.9,37.2,35.7,51.2,33.4,,26.6,181,63.4,86.6,,54.9,,46.1,69.3,69.5,68.2,51.1,,26
LLaVA-InternLM-7B (QLoRA),7.6B,Yes,,58.0,41.1,37.3,17.3,15.8,28.9,59.7,66.7,64.1,69.0,66.0,1637.1,36.9,35.5,48.3,32.4,,27.1,187,57.6,86.0,,51.2,,44.7,65.7,68.4,65.3,45.8,,26
ShareGPT4V-13B,13.4B,Yes,,61.4,41.6,30.4,12.4,24.6,28.4,69.1,65.1,63.0,69.8,67.5,1853.1,36.6,38.3,52.0,41.1,,29.4,191,64.3,87.5,,57.0,,47.7,70.6,72.6,70.7,52.7,,26
OmniLMM-12B,12B,Yes,,63.3,,37.1,29.8,22.7,35.8,75.8,62.0,59.4,71.7,69.2,1935.8,41.8,39.6,55.3,47.4,,35.2,200,59.1,81.7,,58.4,,46.1,71.5,81.1,78.5,62.3,56.4,26
LLaVA-LLaMA-3-8B,8B,Yes,,69.9,43.5,27.8,9.1,50.4,28.7,69.2,63.2,60.2,71.7,68.5,1825.5,39.2,46.1,49.5,34.1,,40.6,202,61.3,87.3,,56.7,,46.9,70.1,72.2,72.1,52.0,,26
InternLM-XComposer2-1.8B,2B,Yes,63.9,71.1,41.5,40.4,27.1,,33.7,55.7,68.4,66.8,73.0,70.4,1895.9,29.7,46.4,48.6,31.2,7.0,50.3,172,,84.2,64.1,56.3,,50.8,70.8,92.2,91.9,,,26
Qwen2.5-VL-3B,3.75B,Yes,74.9,81.4,49.1,62.0,15.4,,46.6,77.0,77.6,76.5,79.1,77.0,2199.9,51.2,56.3,61.0,60.0,23.8,61.2,249,,85.9,74.9,65.5,,68.5,74.0,81.4,79.3,,,26
InternVL3-78B,78.4B,Yes,78.9,89.8,66.4,83.5,27.7,,59.1,100.4,88.8,87.9,88.8,87.5,2538.6,72.2,73.4,72.6,80.7,32.5,79.0,277,,90.5,78.8,78.4,,71.7,78.7,98.7,98.5,,,26
Mini-InternVL-Chat-2B-V1.5,2B,Yes,66.1,69.7,,62.9,15.5,,37.3,57.3,66.0,63.0,70.7,67.5,1906.1,37.4,46.7,48.9,35.5,10.0,41.3,222,,85.4,63.5,57.9,54.0,59.1,69.5,84.8,81.9,,,26
Mini-InternVL-Chat-4B-V1.5,4B,Yes,69.6,77.0,,59.4,14.7,,43.0,68.6,70.0,66.8,75.7,72.6,2079.2,45.1,53.1,57.8,43.6,13.5,55.0,195,,81.4,68.3,60.8,57.3,62.5,72.2,92.6,92.1,,,26
Gemini-1.5-Pro,,No,75.4,79.1,59.1,28.4,,,45.6,95.3,73.8,73.2,73.9,74.6,2110.6,60.6,59.1,63.4,64.0,32.0,58.3,229,,88.2,74.7,64.1,,70.8,76.0,85.7,85.9,,77.7,26
MiniCPM-Llama3-V2.5,8B,Yes,73.3,78.4,,45.9,11.1,,42.4,86.7,73.8,70.1,77.6,74.0,2024.6,45.8,51.8,57.6,52.8,16.3,54.5,221,,86.7,71.8,63.5,,61.4,72.3,89.2,88.4,,52.6,26
InternVL3-38B,38.4B,Yes,77.1,88.7,64.2,80.6,25.1,,58.4,94.7,86.9,86.6,87.7,87.0,2500.7,69.7,72.6,71.9,81.1,32.4,76.3,280,,89.2,78.3,75.8,,71.8,78.3,99.3,99.2,,,26
LLaVA-v1.5-13B (QLoRA),13.4B,Yes,,61.3,41.3,32.9,19.6,19.0,26.2,63.6,64.7,62.5,68.8,67.0,1766.0,35.2,40.1,50.8,35.9,,28.5,226,63.4,86.9,,52.0,,43.6,67.9,70.3,68.9,50.7,,26
LLaVA-OneVision-7B,8B,Yes,75.2,82.4,53.0,54.9,8.5,,31.6,81.0,82.7,80.9,83.2,80.9,1993.6,47.9,61.9,59.3,51.9,14.0,62.6,192,,88.4,78.9,69.9,,65.4,76.7,95.4,95.1,,,26
"GPT-4o (0806, detail-high)",,No,79.1,84.7,64.7,66.5,24.2,,54.2,96.5,80.3,79.2,82.1,81.8,2291.0,69.9,64.7,67.7,75.1,31.0,62.9,271,,87.2,78.6,76.5,,70.8,76.7,90.1,90.1,,,26
grok-2-vision-1212,,No,76.3,81.2,53.7,57.3,23.4,,51.7,100.0,84.8,82.5,85.3,83.3,2154.7,67.1,65.2,67.6,65.2,22.6,66.6,239,,83.1,72.1,63.0,,60.4,76.3,90.4,90.3,,,26
moonshot-v1-8k,,No,74.3,81.8,55.8,60.2,10.8,,46.1,76.5,78.9,76.2,79.3,76.8,2151.6,57.7,60.1,7.2,52.0,20.0,66.9,267,,2.0,77.5,63.0,,65.3,75.2,1.2,1.3,,,26
Claude3.7-Sonnet,,No,70.7,82.5,56.6,55.1,15.2,,55.4,94.4,80.9,79.5,81.4,79.8,1839.3,71.0,65.1,60.1,70.0,30.6,66.8,265,,82.4,40.5,55.4,,67.6,74.3,90.9,90.9,,,26
Qwen2.5-VL-7B,8.29B,Yes,75.7,84.3,55.3,59.2,15.0,,51.9,91.0,82.8,82.1,83.2,82.4,2312.1,58.0,64.1,62.1,69.7,29.0,68.1,268,,85.9,77.7,68.4,,70.7,77.0,89.0,88.9,,,26
Qwen2.5-VL-72B,73.4B,Yes,81.0,88.5,63.2,73.9,19.5,,54.6,98.7,88.2,87.4,88.3,88.3,2435.0,68.2,70.5,69.0,76.9,31.5,74.2,265,,85.7,80.0,75.3,,73.8,79.5,91.4,91.3,,,26
Qwen-VL-Plus-0809,,No,75.4,82.9,52.9,64.1,15.0,,51.1,73.4,68.6,68.7,82.7,81.1,2300.2,53.2,59.9,63.1,59.6,25.8,61.2,274,,86.1,76.8,70.1,,69.2,76.4,85.8,84.4,,,26
Idefics3-8B-Llama3,8B,Yes,,76.5,50.3,38.8,7.6,40.4,43.7,66.3,74.5,71.9,77.5,75.0,1937.4,46.6,55.0,58.4,41.7,,58.7,84,0.0,86.2,,62.6,,66.2,73.8,91.3,90.5,73.2,,26
InternVL2.5-26B-MPO,26B,Yes,79.4,86.2,62.6,79.8,27.4,,52.4,94.7,85.3,84.1,85.6,84.3,2344.3,56.4,67.7,65.7,68.1,28.7,71.5,272,,90.5,76.0,73.7,,70.1,78.3,98.7,98.3,,,26
granite-vision-3.2-2b,2.98B,Yes,72.4,78.6,46.2,27.8,72.5,,40.7,65.7,68.4,65.7,78.1,75.8,1851.0,39.0,54.6,55.7,40.5,14.2,59.7,259,,87.2,74.0,63.4,,63.2,73.9,94.3,93.1,,,26
LLaVA-Next-Yi-34B,34.8B,Yes,,78.9,,49.2,12.8,67.6,34.8,81.8,79.0,77.1,81.1,78.5,2006.5,48.8,51.6,58.6,50.7,,40.5,178,66.3,89.6,,66.0,59.0,65.9,75.7,82.0,78.8,69.3,,26
granite-vision-3.3-2b,2.98B,Yes,72.6,76.6,41.6,24.9,45.8,,47.0,66.9,67.3,65.0,73.5,71.3,1813.8,39.0,51.9,54.6,45.0,17.0,60.2,252,,85.2,73.0,66.0,,63.9,72.1,90.7,89.9,,,26
LLaVA-OneVision-0.5B,1B,Yes,67.6,59.4,40.1,28.0,11.2,,27.9,59.9,55.5,53.9,61.6,59.6,1448.5,32.7,37.7,51.6,31.5,8.6,35.9,203,,87.8,62.5,51.8,,52.6,66.6,67.5,64.6,,,26
InternLM-XComposer2-4KHD,7B,Yes,,81.0,48.9,47.1,20.2,,42.5,61.8,78.1,76.1,80.2,77.0,2130.4,39.7,55.3,56.3,48.2,,59.5,217,,2.9,,63.3,57.4,65.2,74.6,96.3,96.3,,22.7,25
LLaVA-InternLM2-7B (QLoRA),8.1B,Yes,,63.6,,42.5,18.6,16.0,26.7,56.2,71.7,70.0,73.3,71.9,1699.5,40.1,38.3,53.2,35.9,,28.9,220,58.0,87.8,,56.1,,46.7,71.2,73.7,70.9,49.3,,25
InternLM-XComposer,8B,Yes,,56.9,17.8,49.6,38.3,,36.0,53.8,72.4,45.5,74.4,6.4,1874.2,35.6,6.9,3.2,35.2,,29.9,180,54.5,70.9,,10.2,,3.6,66.1,89.8,88.0,38.5,,25
LLaVA-InternLM2-20B (QLoRA),20.2B,Yes,,65.4,,46.3,17.9,17.6,26.4,63.7,73.7,70.5,75.1,72.3,1867.1,39.4,41.9,53.3,37.2,,28.5,219,61.2,88.1,,56.9,,47.6,70.2,73.7,72.7,50.4,,25
Qwen-VL-Max,,No,,75.7,43.6,63.5,12.3,,41.2,82.3,75.7,73.7,77.6,75.4,2281.7,52.0,49.5,58.3,61.8,,43.6,252,55.0,71.9,,61.3,,61.6,72.7,80.0,79.8,8.6,,25
WeMM,7B,Yes,72.7,77.9,,48.0,15.5,,47.5,70.9,76.8,73.6,79.3,77.8,2150.1,45.3,57.0,57.5,45.0,12.3,54.9,199,,86.7,72.3,68.1,,65.0,75.9,83.3,80.5,,,25
"GPT-4o (0513, detail-high)",,No,79.2,84.6,68.0,71.2,,,55.0,102.0,82.1,81.5,83.4,83.0,2310.3,69.2,63.9,67.3,69.1,31.2,61.8,270,,85.6,78.9,75.4,,72.0,77.1,90.7,89.7,,,25
mPLUG-Owl2,8.2B,Yes,,55.7,,31.0,25.8,22.8,29.4,59.9,60.3,58.0,66.0,63.5,1786.4,34.7,34.8,50.4,35.7,,25.5,141,65.2,84.6,,50.8,,44.4,64.5,69.5,69.5,56.4,,25
IDEFICS-9B-Instruct,9B,Yes,,42.2,38.3,7.8,72.7,,27.3,45.0,25.2,19.5,45.3,35.2,1177.3,18.4,21.6,45.3,30.0,,25.1,158,0.0,81.9,,42.1,,35.4,45.0,53.5,51.6,1.0,,25
InstructBLIP-7B,8B,Yes,,40.6,,12.7,56.8,10.9,31.2,59.8,23.9,18.4,33.9,38.4,1391.4,30.6,32.7,35.1,33.1,,24.6,172,50.2,86.1,,36.9,,29.5,44.5,54.1,54.7,33.6,,25
Aria,25.3B,Yes,71.3,82.7,52.9,48.4,9.5,,44.8,81.4,78.3,76.6,80.0,78.2,2195.1,54.0,60.7,61.5,56.9,,62.4,220,,,75.3,68.4,,66.4,72.7,97.7,97.2,,,24
Claude3.5-Sonnet,,No,,80.2,28.2,54.1,15.5,,49.9,81.0,80.7,79.3,79.7,77.7,1920.0,65.9,62.2,61.8,66.0,,61.8,262,,73.6,,60.1,,71.7,72.2,88.9,89.3,,74.6,24
XGen-MM-Instruct-DPO-v1.5,4.4B,Yes,,72.0,43.9,32.7,30.6,,37.0,69.8,68.7,65.5,78.0,75.2,1790.5,40.1,47.2,55.5,41.0,7.0,40.1,216,,86.9,,61.6,,55.4,71.8,85.5,81.9,,,24
XGen-MM-Instruct-Interleave-v1.5,4.4B,Yes,,74.2,45.8,33.5,12.9,,39.8,66.7,67.1,64.2,78.3,75.3,1808.7,40.9,48.4,55.9,40.2,7.5,40.6,226,,87.2,,61.2,,55.9,72.2,88.3,85.7,,,24
"GPT-4v (0409, detail-high)",,No,70.4,78.6,58.3,57.3,,,43.9,99.8,80.2,79.5,81.0,80.0,2070.2,61.7,56.0,62.7,67.5,,55.2,177,,81.8,75.7,68.0,,69.3,73.0,84.8,84.5,,,24
Phi-3.5-Vision,4B,Yes,,77.8,58.3,27.6,23.3,,40.5,63.7,66.1,62.8,76.0,72.1,1838.1,44.6,47.5,53.6,43.2,,43.3,204,,82.8,,53.6,,62.2,69.7,88.9,90.3,,57.9,24
"GPT-4o-mini (0718, detail-high)",,No,,77.8,53.6,61.4,21.2,,46.1,98.7,75.9,75.0,77.6,77.1,2003.4,60.0,54.8,61.2,66.9,,52.5,261,,81.9,,67.1,,61.4,72.8,85.4,85.6,,87.8,24
InternLM-XComposer2.5,8B,Yes,,81.6,,49.6,10.1,,43.1,70.2,80.9,78.8,82.0,80.1,2233.1,42.9,59.9,57.1,49.3,,64.0,201,,87.9,,67.8,,66.5,75.4,96.6,96.1,78.2,63.0,24
MiniGPT-4-v2,8B,Yes,,30.5,,1.4,12.6,,30.0,28.8,4.7,1.4,9.4,5.0,968.4,25.0,21.3,22.1,10.5,,24.0,6,0.0,60.0,,30.7,,23.3,29.4,54.7,54.1,0.0,,24
OpenFlamingo v2,9B,Yes,,31.7,,6.3,6.4,,29.4,34.2,14.4,13.3,5.7,2.4,607.2,28.8,26.9,28.6,23.3,,19.9,45,8.9,52.6,,35.2,,28.7,28.8,44.8,45.7,16.3,,24
ShareCaptioner,8B,Yes,,56.7,,40.4,8.8,,34.2,47.4,60.9,57.8,66.5,63.9,1642.5,36.3,38.4,47.6,30.1,,29.5,168,50.2,84.4,,52.7,,42.4,61.2,82.3,81.0,38.0,,24
MiniGPT-4-v1-7B,8B,Yes,,28.4,,1.8,19.6,,31.9,45.1,11.9,10.7,23.0,30.9,1047.4,23.6,16.3,16.5,15.6,,21.3,109,0.3,34.6,,21.3,,15.2,31.6,39.6,39.0,0.6,,24
VisualGLM,8B,Yes,,41.2,,17.3,28.6,,25.0,37.3,35.5,34.6,37.6,36.7,738.1,29.9,25.9,30.6,14.8,,23.9,113,0.0,70.4,,39.9,,30.2,47.0,56.1,53.4,0.0,,24
MMAlaya,7.8B,Yes,,42.3,,28.6,31.2,10.2,32.9,50.2,58.6,56.6,58.7,55.7,1356.0,32.0,34.3,,22.2,,22.9,133,51.0,82.7,,45.2,,32.9,57.5,60.9,57.7,27.1,,24
Emu2_chat,37B,Yes,,49.7,,18.8,78.2,26.8,29.5,56.4,45.9,44.3,63.6,61.3,1678.0,35.0,40.7,,31.0,,31.3,216,41.0,88.0,,57.3,,42.1,68.9,68.2,65.3,67.6,,24
PandaGPT-13B,14B,Yes,,50.3,,6.7,19.9,,20.0,37.1,32.0,29.2,42.5,39.7,1072.2,32.9,25.6,32.4,19.6,,25.6,8,0.0,75.1,,32.8,,29.6,47.6,63.2,60.9,0.0,,24
Llama-3.2-90B-Vision-Instruct,88.6B,Yes,,69.5,48.0,54.1,12.1,,44.1,86.5,77.8,75.2,80.4,79.5,1741.0,60.3,55.3,60.4,64.1,,58.2,262,,86.3,,68.2,,68.2,76.8,87.1,83.5,,,23
Llama-3-VILA1.5-8B,8B,Yes,,58.8,39.5,23.7,11.9,,35.3,71.7,60.4,57.9,62.1,57.9,1698.5,37.4,39.7,48.7,41.9,,37.4,185,,83.3,,43.4,,45.2,65.0,73.2,71.7,,,23
IDEFICS-80B-Instruct,80B,Yes,,54.8,,10.6,76.1,,23.4,56.9,38.1,44.4,54.6,11.3,1518.2,24.0,26.1,,39.7,,28.9,156,0.0,66.0,,49.0,,41.5,52.0,61.8,59.9,0.0,,23
VILA1.5-13B,13B,Yes,,69.9,48.1,24.3,10.6,,39.3,73.5,67.7,65.2,74.4,71.8,1718.2,41.1,44.2,53.8,45.0,,42.3,182,,85.0,,53.3,,50.2,72.7,79.1,77.7,,,23
Parrot-7B,8B,Yes,,60.9,39.9,41.8,43.5,,35.2,55.3,71.7,69.2,72.0,68.8,1818.1,36.7,39.1,52.2,29.8,,27.2,172,,85.3,,54.8,,47.5,70.1,70.2,70.2,,,23
Llama-3-MixSense-v1.1,8B,Yes,,72.4,45.2,30.0,19.4,,36.2,62.9,72.9,70.1,77.0,73.7,1761.0,39.3,53.1,55.2,41.1,,50.4,185,,89.7,,63.5,,59.7,75.2,83.1,82.7,,,23
Yi-Vision,,No,,78.2,56.7,50.6,12.7,,50.3,76.0,78.6,76.1,78.1,76.6,2203.7,60.3,60.5,62.9,57.6,,57.8,257,,84.1,,60.9,,62.1,73.6,88.5,86.5,,,23
RBDash-v1.5,79B,Yes,79.4,85.0,47.0,55.7,,,49.1,80.8,83.0,80.3,84.6,82.3,2292.6,59.9,63.5,65.9,50.0,,61.5,244,,,78.5,68.1,,67.3,77.5,90.6,90.9,,,23
VILA1.5-3B,3B,Yes,,57.9,39.7,24.1,25.4,,31.2,65.5,56.2,54.5,64.5,63.1,1647.5,34.2,40.6,49.0,38.8,,31.8,177,,86.8,,53.2,,41.4,68.0,69.2,63.9,,,23
XVERSE-V-13B,13B,Yes,,70.6,,46.9,44.6,,33.3,62.9,74.6,60.5,75.4,72.1,1909.9,44.1,49.3,29.3,37.8,,45.1,196,,29.3,,60.8,,35.3,72.4,86.8,86.6,,,22
"GPT-4v (1106, detail-low)",,No,,75.9,,46.5,18.0,,46.5,93.1,74.4,72.2,77.0,75.3,1771.5,53.8,49.7,,56.8,,49.4,164,0.0,75.4,,56.5,,,71.6,82.1,84.6,0.0,,22
GLM-4v-Plus,,No,,85.1,,62.5,18.3,,55.6,92.9,82.1,81.0,81.4,79.7,2194.9,61.7,66.3,64.0,69.1,,68.8,262,,86.9,,70.5,,71.8,76.5,97.1,96.8,,,22
VILA1.5-40B,40B,Yes,,77.8,,50.8,9.5,67.2,40.9,75.6,81.2,79.4,81.7,79.9,2209.1,55.1,55.2,,51.2,,49.7,233,,88.8,,65.4,,,76.3,85.4,83.9,68.8,,22
OmChat-v2.0-13B,13B,Yes,,77.8,44.7,54.5,14.8,,48.4,66.1,81.4,79.5,82.6,79.6,2130.1,49.6,58.2,61.0,52.6,,57.2,237,,,,69.8,,63.4,76.2,89.6,89.8,,,22
LLaVA-v1-7B,7.2B,Yes,,48.3,,12.7,27.0,,21.6,57.2,38.7,35.8,43.8,41.6,1075.5,34.1,27.1,27.7,28.3,,25.4,163,,75.9,,45.8,,31.2,50.4,61.8,61.9,,,22
Qwen-VL-Plus,,No,,65.7,,55.1,47.0,,40.6,73.7,70.7,68.2,67.0,64.3,2229.8,39.8,39.7,,55.7,,38.2,256,38.8,85.4,,44.6,,,65.7,73.4,71.6,8.4,,22
CongRong,,No,,82.4,,69.6,15.1,,50.6,80.7,81.9,80.4,82.8,80.9,2278.3,48.3,60.6,60.2,57.5,,61.1,274,,86.6,,66.9,,67.5,76.8,95.9,95.3,,,22
InternVL3-9B,9.14B,Yes,,85.2,,78.0,23.6,,50.8,83.8,83.6,82.4,83.9,81.9,2368.0,59.4,67.4,65.3,78.4,,69.0,276,,89.6,,71.0,,,76.8,98.1,97.5,,,21
RekaEdge,,No,,67.4,41.1,24.7,,,35.1,81.6,59.9,56.6,66.4,63.6,1641.6,42.4,39.6,53.9,40.5,,37.5,205,,83.3,,57.0,,,68.4,73.5,71.0,,,21
Gemini-1.0-Pro,,No,,72.9,,52.5,33.2,,45.7,79.9,74.3,69.2,73.6,70.2,2148.9,49.0,38.6,,58.6,,46.5,211,12.3,,,60.4,,,70.7,81.4,80.1,36.9,,21
RekaFlash,,No,,75.6,31.9,33.7,,,39.2,86.3,74.1,71.4,76.8,74.5,1861.1,44.8,50.2,52.0,52.5,,47.7,224,,80.6,,55.9,,,,85.5,85.4,,,20
LLaVA-OneVision-72B,73B,Yes,,86.2,,63.9,16.5,,47.9,86.3,85.3,83.9,85.8,85.0,2257.4,56.6,65.8,,60.6,,68.4,215,,86.6,,73.9,,,77.5,90.2,89.7,,,20
Step-1.5V,,No,,87.5,,74.3,24.5,,54.3,99.1,84.5,83.5,85.3,80.4,2186.6,61.2,65.1,,71.3,,69.4,277,,85.4,,69.7,,,75.7,94.3,94.4,,,20
Claude3-Sonnet,,No,,69.9,39.3,27.8,,,41.3,73.2,64.2,63.5,67.8,64.2,1625.9,47.4,44.2,10.2,51.7,,45.0,215,,68.2,,50.7,,27.1,65.0,,,,,20
GLM-4v,,No,,76.1,,63.9,13.8,,44.9,87.5,79.4,78.0,81.3,79.2,2163.7,45.6,53.2,,60.7,,45.9,259,,89.9,,67.3,,,75.1,97.4,98.6,,,20
Claude3-Haiku,,No,,65.6,37.5,24.5,,,39.2,67.4,57.2,56.2,60.7,58.0,1453.2,49.7,38.1,50.4,46.4,,42.6,225,,74.4,,45.5,,61.7,63.3,,,,,20
Claude3-Opus,,No,,70.6,,26.3,,,37.8,73.9,59.2,58.1,63.3,60.1,1586.8,54.9,45.7,,51.7,,46.1,251,,74.0,,48.4,,,64.0,,,,11.5,18
"GPT-4v (0409, detail-low)",,No,,76.1,,55.5,,,41.6,95.3,79.1,78.2,80.8,79.3,2037.8,62.3,52.9,,63.6,,51.8,169,,,,61.4,,,72.0,,,,8.4,17
DeepSeek-VL2-Small,16.1B,Yes,,81.7,,56.7,,,43.8,86.1,81.0,79.1,82.8,80.7,2137.6,49.7,57.5,,58.6,,61.9,256,,,,69.4,,,76.9,,,,,16
Claude3.5-Sonnet-20241022,,No,,81.2,,56.1,,,55.5,89.4,83.5,82.5,82.6,80.9,2110.0,66.4,65.1,,70.1,,65.3,267,,,,65.8,,,61.7,,,,,16
DeepSeek-VL2,27.5B,Yes,,83.8,,55.7,,,45.3,89.7,82.4,80.1,84.1,82.3,2230.2,54.0,61.9,,60.0,,63.9,256,,,,70.1,,,77.0,,,,,16
DeepSeek-VL2-Tiny,3.4B,Yes,,74.6,,40.0,,,39.6,75.7,72.1,70.1,74.6,71.7,1905.5,42.9,49.8,,52.5,,54.0,268,,,,64.3,,,72.3,,,,,16
"GPT-4v (1106, detail-high)",,No,,71.4,,50.4,,,39.3,88.0,63.3,65.5,65.4,65.4,1790.3,59.3,50.4,,49.0,,48.4,217,,,,63.0,,,72.3,,,,,16
Moondream2,1.9B,Yes,,58.8,,15.5,,,33.0,61.4,28.7,28.5,70.0,67.7,1528.3,29.3,42.1,,40.4,,33.8,209,,,,49.3,,,,,,,,15
InternVL2.5-78B,78B,Yes,,89.1,63.8,,,,57.4,,88.5,87.8,88.2,87.3,2467.6,70.0,69.5,,16.9,,70.6,243,,,,,,,,,,,,13
Gemini-2.0-Pro,,No,,84.8,,,,,49.8,100.8,,83.5,84.3,82.4,2428.7,72.6,68.5,,70.4,,71.3,268,,,,74.8,,,,,,,,13
LLaVA-OneVision-72B (SI),73B,Yes,,85.5,,,,,49.0,90.4,,81.9,,83.3,2319.4,55.7,65.3,,59.1,,67.1,232,,,,73.7,,,,,,,,12
Molmo-72B,73.3B,Yes,,83.4,,,,,46.6,82.4,,79.6,,79.4,1992.0,52.8,63.3,,61.1,,55.2,229,,,,73.7,,,,,,,,12
bailingMM-mini,17B,No,,83.5,,,,,45.4,71.5,,82.2,,82.1,2079.8,50.0,61.3,,59.2,,70.8,260,,,,57.0,,,,,,,,12
Gemini-2.0-Flash,,No,,83.1,,,,,58.0,97.7,,71.6,,70.4,2386.1,69.9,69.4,,73.6,,70.4,266,,,,72.3,,,,,,,,12
Ola-7b,8.88B,Yes,,86.1,,60.2,,,53.5,,85.1,83.2,87.4,85.5,,57.0,70.8,,78.6,,68.4,257,,,,,,,,,,,,12
TeleMM,,No,,88.5,,,,,60.6,76.5,,78.3,,81.6,2359.6,66.6,70.8,,75.7,,75.7,273,,,,,,,,,,,,11
MiMo-VL-7B,8.31B,Yes,,82.8,,,,,63.8,,,79.8,,81.5,,26.4,38.9,,72.2,,77.4,267,,,,58.6,,71.5,,,,,,11
InternVL2.5-8B,8B,Yes,,84.6,,,,,49.0,,,81.7,,83.2,,56.2,63.2,,62.8,,64.5,234,,,,69.5,,,,,,,,10
granite-vision-3.1-2b-preview,2.98B,Yes,,77.7,,,,,41.4,,,64.4,,74.1,,35.4,56.1,,39.6,,60.5,250,,,,,,,,,,,,9
SenseNova-V6-5-Pro,,No,,90.2,,,,,66.7,,,87.0,,87.6,,77.0,76.1,,89.4,,82.8,281,,,,,,,,,,,,9
BlueLM-2.6-3B,3B,No,,86.1,,,,,63.1,,,86.4,,86.4,,62.4,80.1,,78.5,,82.3,289,,,,,,,,,,,,9
WeThink-Qwen2.5VL-7B,8.29B,Yes,,84.0,,,,,55.3,,,81.1,,82.5,,61.0,64.2,,73.2,,71.6,273,,,,,,,,,,,,9
HawkVL-2B,2.44B,Yes,,66.6,,,,,40.9,,,63.8,,65.3,,43.6,48.1,,38.9,,43.3,269,,,,,,,,,,,,9
GPT-5-mini-20250807,,No,,86.7,,,,,62.5,,,86.1,,86.2,,78.7,73.2,,74.6,,79.2,272,,,,,,,,,,,,9
Flash-VL-2B-Dynamic-ISS,2.53B,Yes,,74.4,,,,,48.5,,,74.4,,77.1,,45.6,53.8,,48.6,,61.7,263,,,,,,,,,,,,9
valley2_dpo,8.88B,Yes,,83.0,,,,,52.4,,,81.6,,82.1,,58.4,61.9,,62.3,,68.7,266,,,,,,,,,,,,9
Long-VITA-16K,14B,Yes,,80.9,,,,,45.5,,,75.9,,76.8,,53.9,60.1,,31.0,,64.8,216,,,,,,,,,,,,9
QTuneVL1.5-3B,3.75B,Yes,,81.2,,,,,49.0,,,77.1,,77.5,,53.4,57.1,,62.8,,64.4,255,,,,,,,,,,,,9
GPT-5-nano-20250807,,No,,81.4,,,,,60.9,,,79.6,,78.9,,72.6,68.3,,67.4,,73.1,231,,,,,,,,,,,,9
GPT-5-20250807,,No,,89.5,,,,,65.2,,,86.4,,86.8,,81.8,75.7,,77.6,,81.9,272,,,,,,,,,,,,9
R-4B,4.82B,Yes,,86.2,,,,,60.0,,,81.8,,83.7,,64.7,72.6,,76.2,,78.0,254,,,,,,,,,,,,9
QTuneVL1.5-2B,2.09B,Yes,,78.6,,,,,43.4,,,76.9,,78.6,,48.7,60.8,,65.9,,56.1,280,,,,,,,,,,,,9
VARCO-VISION-2.0-14B,15.2B,Yes,,85.7,,,,,53.2,,,83.0,,84.4,,61.9,66.9,,68.9,,73.2,254,,,,,,,,,,,,9
VARCO-VISION-2.0-1.7B,2.12B,Yes,,75.2,,,,,38.6,,,70.8,,74.9,,44.2,52.5,,53.4,,55.8,256,,,,,,,,,,,,9
Ovis-U1-3B,3.64B,Yes,,85.6,,,,,55.8,,,77.6,,78.3,,50.6,61.3,,66.0,,68.9,266,,,,,,,,,,,,9
Qwen2.5-VL-32B,33.5B,Yes,,85.4,,,,,58.4,,,83.2,,84.7,,68.9,70.3,,72.9,,72.8,259,,,,,,,,,,,,9
BlueLM-2.5-3B,2.9B,No,,83.1,,,,,60.0,,,75.5,,73.7,,58.7,67.8,,61.7,,76.7,265,,,,,,,,,,,,9
Kimi-VL-A3B-Thinking-2506,16.4B,Yes,,83.1,,,,,59.8,,,79.8,,80.4,,62.9,70.0,,77.0,,79.5,255,,,,,,,,,,,,9
valley2,8.88B,Yes,,82.8,,,,,47.6,,,80.7,,81.2,,56.8,60.0,,62.1,,61.7,261,,,,,,,,,,,,9
ChatGPT-4o-latest,,No,,86.3,,,,,57.0,,,85.2,,86.8,,72.9,70.2,,76.9,,71.6,274,,,,,,,,,,,,9
CongRong-v2.0,,No,,90.0,,,,,63.2,,,88.3,,87.9,,75.6,75.3,,83.9,,76.8,281,,,,,,,,,,,,9
Gemini-1.5-Pro-002,,No,,83.3,,,,,55.9,,,81.1,,84.4,,68.6,67.1,,74.6,,67.9,246,,,,,,,,,,,,9
InternVL2.5-38B,38B,Yes,,87.6,,,,,57.9,,,85.6,,85.3,,63.2,68.5,,67.2,,72.4,236,,,,,,,,,,,,9
InternVL2.5-26B,26B,Yes,,86.2,,,,,55.8,,,84.7,,84.4,,56.0,66.5,,65.4,,68.2,254,,,,,,,,,,,,9
InternVL2.5-4B,4B,Yes,,81.4,,,,,46.6,,,77.6,,78.8,,51.8,58.7,,61.5,,60.8,235,,,,,,,,,,,,9
InternVL2.5-2B,2B,Yes,,74.9,,,,,42.3,,,69.4,,72.4,,43.2,54.3,,62.6,,51.1,238,,,,,,,,,,,,9
InternVL2.5-1B,1B,Yes,,69.0,,,,,39.4,,,64.8,,68.2,,41.2,51.3,,47.2,,47.1,233,,,,,,,,,,,,9
VITA,47B,Yes,,72.8,,,,,41.0,,,68.7,,70.8,,47.6,46.6,,43.2,,44.5,215,,,,,,,,,,,,9
SenseNova,,No,,87.8,,,,,57.4,,,85.2,,86.1,,69.6,72.7,,78.2,,78.4,282,,,,,,,,,,,,9
LLaVA-CoT,11B,Yes,,78.7,,,,,47.7,,,71.4,,74.4,,53.7,54.9,,59.5,,52.5,244,,,,,,,,,,,,9
"GPT-4o (1120, detail-high)",,No,,84.9,,,,,56.2,,,83.9,,84.8,,70.7,65.1,,74.5,,60.0,270,,,,,,,,,,,,9
Gemini-1.5-Flash-002,,No,,84.4,,,,,53.9,,,81.0,,81.6,,60.7,64.4,,69.7,,63.7,223,,,,,,,,,,,,9
Vintern-1B-v2,3.7B,Yes,,56.5,,,,,37.7,,,52.2,,54.6,,31.6,39.0,,26.4,,33.1,196,,,,,,,,,,,,9
QTuneVL1-2B,2.21B,Yes,,75.2,,,,,42.4,,,69.6,,72.6,,44.7,53.6,,63.0,,48.8,244,,,,,,,,,,,,9
JT-VL-Chat-V3.0,,No,,88.3,,,,,64.4,,,86.6,,88.5,,68.7,82.1,,80.3,,72.8,300,,,,,,,,,,,,9
GPT-4.5,,No,,87.2,,,,,60.0,,,83.3,,83.5,,72.1,69.3,,75.3,,70.5,282,,,,,,,,,,,,9
Ristretto-3B,3.84B,Yes,,84.2,,,,,50.2,,,79.1,,81.2,,51.3,62.8,,60.7,,67.6,268,,,,,,,,,,,,9
Valley-Eagle,8.9B,Yes,,82.5,,,,,48.0,,,79.9,,81.4,,57.0,60.9,,61.3,,64.6,265,,,,,,,,,,,,9
Gemini-2.5-Pro,,No,,89.5,,,,,64.1,,,88.1,,88.5,,74.7,73.6,,83.3,,80.9,261,,,,,,,,,,,,9
Kimi-VL-A3B-Thinking,16.4B,Yes,,77.5,,,,,52.3,,,64.1,,72.5,,50.7,60.8,,67.4,,67.6,251,,,,,,,,,,,,9
SAIL-VL-1.5-2B,2.47B,Yes,,83.7,,,,,50.0,,,77.5,,79.4,,46.4,62.6,,58.8,,67.0,280,,,,,,,,,,,,9
SAIL-VL-1.5-8B,7.95B,Yes,,87.5,,,,,54.5,,,81.7,,82.5,,54.3,69.7,,69.0,,73.4,272,,,,,,,,,,,,9
SAIL-VL-1.6-8B,8.33B,Yes,,87.5,,,,,54.4,,,83.7,,84.3,,55.4,69.5,,73.3,,74.2,281,,,,,,,,,,,,9
SenseNova-V6-Pro,,No,,89.2,,,,,67.1,,,87.6,,88.4,,70.4,73.7,,88.2,,76.9,276,,,,,,,,,,,,9
KoreaDeep-VLM-OCR-32B,32B,No,,,,,,,,,,,,,,,,,,,,265,,,,,,,,,,,,1
